born,arm,step,total,win_pct,n
5.0,3.0,5.0,503.65,25.2,115
6.0,3.0,5.0,499.56,29.6,115
5.0,3.0,10.0,479.0,20.0,115
5.0,3.0,4.0,468.48,26.1,115
6.0,3.0,4.0,463.94,30.4,115
6.0,3.0,10.0,444.26,23.5,115
5.0,2.0,10.0,426.5,19.1,115
6.0,5.0,4.0,414.74,32.2,115
6.0,5.0,2.0,413.26,34.8,115
5.0,2.0,5.0,408.9,25.2,115
6.0,4.0,5.0,403.23,30.4,115
5.0,5.0,4.0,400.71,26.1,115
6.0,2.0,5.0,400.27,28.7,115
5.0,5.0,2.0,388.85,28.7,115
6.0,4.0,4.0,388.06,32.2,115
5.0,4.0,4.0,384.39,26.1,115
6.0,2.0,10.0,382.22,21.7,115
5.0,4.0,5.0,380.25,24.3,115
6.0,5.0,3.0,376.56,33.9,115
5.0,2.0,4.0,376.36,29.6,115
6.0,2.0,4.0,374.96,33.0,115
5.0,5.0,3.0,366.27,27.8,115
5.0,4.0,10.0,347.45,19.1,115
6.0,5.0,5.0,342.64,29.6,115
5.0,5.0,5.0,340.6,24.3,115
6.0,4.0,10.0,339.78,24.3,115
5.0,7.5,2.0,335.15,27.0,115
6.0,4.0,7.5,332.83,26.1,115
5.0,2.0,7.5,327.95,22.6,115
6.0,3.0,3.0,318.72,35.7,115
5.0,3.0,3.0,318.12,31.3,115
6.0,7.5,2.0,317.46,32.2,115
6.0,2.0,7.5,313.39,25.2,115
5.0,4.0,7.5,309.17,20.9,115
5.0,6.0,3.0,308.31,27.0,115
6.0,5.0,10.0,305.34,24.3,115
5.0,6.0,5.0,304.65,24.3,115
5.0,5.0,10.0,302.65,19.1,115
6.0,2.0,2.0,301.9,40.0,115
5.0,6.0,4.0,301.37,24.3,115
5.0,2.0,2.0,299.26,36.5,115
5.0,7.5,4.0,299.13,23.5,115
6.0,6.0,3.0,298.58,33.0,115
6.0,3.0,7.5,297.36,26.1,115
6.0,4.0,2.0,297.18,38.3,115
5.0,6.0,2.0,295.91,28.7,115
5.0,3.0,7.5,289.87,22.6,115
6.0,6.0,4.0,287.3,29.6,115
6.0,6.0,2.0,285.88,34.8,115
6.0,4.0,3.0,283.56,33.0,115
6.0,6.0,5.0,282.57,29.6,115
5.0,4.0,2.0,277.79,32.2,115
5.0,2.0,3.0,275.79,33.9,115
6.0,5.0,7.5,274.69,26.1,115
6.0,7.5,4.0,273.62,28.7,115
5.0,5.0,7.5,272.47,20.9,115
6.0,2.0,3.0,270.85,37.4,115
5.0,7.5,3.0,263.49,26.1,115
5.0,4.0,3.0,262.9,27.0,115
7.5,3.0,5.0,249.38,29.6,115
6.0,7.5,3.0,239.33,31.3,115
6.0,3.0,2.0,237.74,40.0,115
5.0,7.5,5.0,236.05,22.6,115
5.0,3.0,2.0,232.9,35.7,115
5.0,6.0,10.0,228.15,18.3,115
5.0,6.0,7.5,219.62,19.1,115
6.0,7.5,5.0,216.17,27.8,115
9.0,5.0,2.0,215.06,36.5,115
7.5,3.0,4.0,213.76,30.4,115
9.0,5.0,4.0,210.88,33.9,115
9.0,3.0,5.0,201.61,30.4,115
6.0,6.0,10.0,201.32,22.6,115
6.0,6.0,7.5,194.32,24.3,115
7.5,3.0,10.0,194.08,23.5,115
5.0,7.5,7.5,187.72,20.0,115
5.0,7.5,10.0,181.75,17.4,115
9.0,5.0,3.0,175.53,35.7,115
5.0,10.0,2.0,168.35,24.3,115
5.0,10.0,3.0,167.02,23.5,115
9.0,3.0,4.0,163.16,31.3,115
7.5,5.0,4.0,159.28,32.2,115
7.5,5.0,2.0,157.8,34.8,115
6.0,7.5,10.0,157.12,21.7,115
6.0,7.5,7.5,154.62,25.2,115
7.5,2.0,5.0,153.25,28.7,115
6.0,10.0,3.0,152.42,29.6,115
6.0,10.0,2.0,150.46,30.4,115
7.5,4.0,5.0,149.78,30.4,115
10.0,5.0,2.0,143.76,37.4,115
10.0,5.0,4.0,139.58,34.8,115
9.0,5.0,5.0,135.48,31.3,115
7.5,2.0,10.0,135.2,21.7,115
7.5,4.0,4.0,134.61,32.2,115
5.0,10.0,4.0,133.03,21.7,115
9.0,3.0,10.0,132.16,24.3,115
10.0,3.0,5.0,130.75,31.3,115
7.5,2.0,4.0,127.94,33.0,115
5.0,10.0,10.0,123.05,17.4,115
7.5,5.0,3.0,121.1,33.9,115
5.0,10.0,5.0,116.9,20.9,115
6.0,10.0,4.0,113.14,27.8,115
9.0,2.0,5.0,108.65,29.6,115
6.0,10.0,5.0,105.0,27.0,115
10.0,5.0,3.0,104.23,36.5,115
6.0,10.0,10.0,101.4,22.6,115
10.0,3.0,4.0,95.38,32.2,115
5.0,10.0,7.5,90.25,18.3,115
7.5,5.0,5.0,87.18,29.6,115
7.5,4.0,10.0,86.33,24.3,115
6.0,10.0,7.5,84.65,23.5,115
9.0,4.0,5.0,84.59,31.3,115
9.0,5.0,10.0,81.68,26.1,115
9.0,4.0,4.0,80.74,33.0,115
7.5,4.0,7.5,79.38,26.1,115
9.0,2.0,10.0,76.45,22.6,115
9.0,6.0,3.0,72.59,34.8,115
7.5,3.0,3.0,68.54,35.7,115
7.5,2.0,7.5,66.38,25.2,115
9.0,6.0,2.0,62.72,36.5,115
10.0,3.0,10.0,61.3,25.2,115
10.0,5.0,5.0,61.1,32.2,115
9.0,7.5,2.0,58.64,33.9,115
9.0,6.0,4.0,58.48,31.3,115
9.0,5.0,7.5,58.11,27.8,115
7.5,2.0,2.0,54.88,40.0,115
9.0,6.0,5.0,50.45,31.3,115
7.5,5.0,10.0,49.88,24.3,115
7.5,3.0,7.5,47.18,26.1,115
7.5,4.0,2.0,43.73,38.3,115
10.0,2.0,5.0,39.9,30.4,115
7.5,7.5,2.0,37.82,32.2,115
7.5,6.0,3.0,30.64,33.0,115
7.5,4.0,3.0,30.11,33.0,115
9.0,2.0,4.0,23.91,33.9,115
7.5,2.0,3.0,23.83,37.4,115
9.0,4.0,7.5,21.26,27.0,115
9.0,4.0,10.0,21.14,25.2,115
7.5,6.0,4.0,19.36,29.6,115
7.5,5.0,7.5,19.23,26.1,115
7.5,6.0,2.0,17.94,34.8,115
9.0,2.0,7.5,14.7,26.1,115
7.5,6.0,5.0,14.63,29.6,115
10.0,4.0,5.0,11.55,32.2,115
10.0,4.0,4.0,10.78,33.9,115
9.0,7.5,4.0,8.2,30.4,115
10.0,2.0,10.0,7.7,23.5,115
10.0,5.0,10.0,7.3,27.0,115
7.5,7.5,4.0,-6.02,28.7,115
9.0,3.0,7.5,-7.67,27.0,115
10.0,6.0,3.0,-11.65,35.7,115
7.5,3.0,2.0,-12.44,40.0,115
9.0,7.5,3.0,-19.96,33.0,115
10.0,6.0,2.0,-19.98,37.4,115
10.0,5.0,7.5,-20.12,28.7,115
9.0,4.0,3.0,-23.76,33.9,115
10.0,6.0,4.0,-27.3,32.2,115
10.0,7.5,2.0,-31.86,34.8,115
10.0,6.0,5.0,-32.25,32.2,115
12.5,3.0,5.0,-33.3,32.2,115
7.5,7.5,3.0,-40.31,31.3,115
9.0,3.0,3.0,-41.49,36.5,115
10.0,2.0,4.0,-41.76,34.8,115
9.0,2.0,2.0,-42.55,41.7,115
12.5,5.0,2.0,-43.89,39.1,115
10.0,2.0,7.5,-46.35,27.0,115
9.0,6.0,7.5,-47.22,26.1,115
9.0,6.0,10.0,-47.3,24.3,115
10.0,4.0,10.0,-51.9,26.1,115
10.0,4.0,7.5,-55.62,27.8,115
9.0,7.5,5.0,-55.85,29.6,115
12.5,5.0,4.0,-59.27,35.7,115
15.0,5.0,2.0,-60.67,41.7,115
9.0,7.5,7.5,-62.0,27.0,115
7.5,7.5,5.0,-63.47,27.8,115
7.5,6.0,10.0,-66.62,22.6,115
9.0,10.0,2.0,-71.88,33.0,115
9.0,4.0,2.0,-72.4,39.1,115
15.0,3.0,5.0,-72.9,33.9,115
7.5,6.0,7.5,-73.62,24.3,115
12.5,3.0,4.0,-74.27,33.0,115
9.0,10.0,3.0,-77.58,32.2,115
12.5,5.0,3.0,-77.82,38.3,115
10.0,3.0,7.5,-82.37,27.8,115
9.0,2.0,3.0,-83.03,38.3,115
10.0,7.5,4.0,-85.38,31.3,115
15.0,5.0,4.0,-90.79,38.3,115
10.0,4.0,3.0,-93.72,34.8,115
15.0,5.0,3.0,-96.35,40.9,115
15.0,3.0,4.0,-109.11,34.8,115
10.0,3.0,3.0,-109.27,37.4,115
10.0,2.0,2.0,-111.3,42.6,115
9.0,10.0,4.0,-111.32,30.4,115
10.0,7.5,3.0,-112.0,33.9,115
9.0,7.5,10.0,-114.9,23.5,115
12.5,2.0,5.0,-118.87,31.3,115
7.5,7.5,10.0,-122.52,21.7,115
9.0,10.0,5.0,-123.94,29.6,115
7.5,7.5,7.5,-125.02,25.2,115
9.0,3.0,2.0,-125.3,40.9,115
9.0,10.0,10.0,-127.54,25.2,115
10.0,6.0,10.0,-130.0,25.2,115
12.5,3.0,10.0,-130.75,25.2,115
10.0,6.0,7.5,-133.77,27.0,115
12.5,5.0,5.0,-137.75,33.0,115
15.0,2.0,5.0,-142.35,33.0,115
10.0,4.0,2.0,-142.36,40.0,115
7.5,10.0,3.0,-143.45,29.6,115
7.5,10.0,2.0,-145.41,30.4,115
10.0,7.5,5.0,-146.35,30.4,115
9.0,10.0,7.5,-146.94,26.1,115
10.0,2.0,3.0,-148.7,39.1,115
10.0,7.5,7.5,-156.35,27.8,115
12.5,4.0,4.0,-162.32,35.7,115
15.0,5.0,5.0,-168.9,34.8,115
10.0,10.0,2.0,-177.8,33.9,115
12.5,2.0,10.0,-179.07,23.5,115
7.5,10.0,4.0,-182.73,27.8,115
10.0,10.0,3.0,-183.5,33.0,115
12.5,4.0,5.0,-183.95,33.0,115
15.0,3.0,10.0,-189.95,25.2,115
7.5,10.0,5.0,-190.87,27.0,115
12.5,5.0,10.0,-191.55,27.8,115
7.5,10.0,10.0,-194.47,22.6,115
10.0,3.0,2.0,-196.16,41.7,115
15.0,4.0,4.0,-202.61,37.4,115
10.0,7.5,10.0,-205.4,24.3,115
12.5,2.0,4.0,-206.13,35.7,115
7.5,10.0,7.5,-211.22,23.5,115
15.0,2.0,10.0,-211.3,24.3,115
12.5,5.0,7.5,-218.98,29.6,115
10.0,10.0,4.0,-220.32,31.3,115
12.5,6.0,2.0,-228.43,39.1,115
15.0,4.0,5.0,-229.0,34.8,115
12.5,6.0,3.0,-231.3,36.5,115
10.0,10.0,5.0,-231.4,30.4,115
15.0,5.0,7.5,-231.7,31.3,115
12.5,2.0,7.5,-233.13,27.0,115
15.0,2.0,4.0,-235.7,37.4,115
10.0,10.0,10.0,-242.7,25.2,115
12.5,6.0,4.0,-246.95,33.0,115
12.5,4.0,10.0,-247.4,27.0,115
10.0,10.0,7.5,-250.55,27.0,115
12.5,4.0,7.5,-251.13,28.7,115
12.5,6.0,5.0,-251.9,33.0,115
15.0,2.0,7.5,-257.65,28.7,115
15.0,5.0,10.0,-259.55,27.8,115
12.5,2.0,2.0,-264.47,43.5,115
12.5,7.5,2.0,-271.01,35.7,115
12.5,4.0,3.0,-272.42,36.5,115
15.0,2.0,2.0,-274.3,47.0,115
12.5,3.0,7.5,-274.43,27.8,115
15.0,6.0,2.0,-274.98,42.6,115
15.0,6.0,3.0,-276.78,39.1,115
12.5,3.0,3.0,-284.52,38.3,115
15.0,4.0,7.5,-299.5,29.6,115
12.5,2.0,3.0,-301.87,40.0,115
15.0,6.0,5.0,-310.0,34.8,115
15.0,4.0,10.0,-312.05,27.0,115
15.0,6.0,4.0,-312.42,34.8,115
15.0,3.0,3.0,-313.69,40.0,115
12.5,4.0,2.0,-315.46,41.7,115
15.0,3.0,7.5,-317.35,28.7,115
15.0,4.0,3.0,-318.8,38.3,115
15.0,2.0,3.0,-323.52,42.6,115
12.5,7.5,4.0,-324.53,32.2,115
12.5,6.0,10.0,-349.65,26.1,115
12.5,7.5,3.0,-351.15,34.8,115
15.0,7.5,2.0,-352.48,38.3,115
12.5,6.0,7.5,-353.43,27.8,115
15.0,4.0,2.0,-355.75,43.5,115
12.5,3.0,2.0,-365.81,42.6,115
12.5,7.5,5.0,-385.5,31.3,115
12.5,7.5,7.5,-395.5,28.7,115
15.0,3.0,2.0,-395.65,45.2,115
15.0,7.5,4.0,-409.5,33.9,115
12.5,10.0,2.0,-419.97,35.7,115
12.5,10.0,3.0,-425.67,34.8,115
15.0,7.5,3.0,-443.49,36.5,115
12.5,7.5,10.0,-444.55,25.2,115
15.0,6.0,10.0,-444.6,26.1,115
15.0,6.0,7.5,-448.38,27.8,115
12.5,10.0,4.0,-462.49,33.0,115
15.0,7.5,5.0,-463.1,33.0,115
12.5,10.0,5.0,-473.57,32.2,115
12.5,10.0,10.0,-484.87,27.0,115
12.5,10.0,7.5,-492.72,28.7,115
15.0,7.5,7.5,-509.95,28.7,115
15.0,10.0,2.0,-532.25,38.3,115
15.0,10.0,3.0,-553.03,35.7,115
15.0,7.5,10.0,-559.0,25.2,115
15.0,10.0,4.0,-590.19,33.9,115
15.0,10.0,5.0,-601.95,33.0,115
15.0,10.0,10.0,-613.25,27.8,115
15.0,10.0,7.5,-621.1,29.6,115
