ts,outcome,symbol,side,strike,expiry,caller_price,rn_target,fill_price,trader,room
1788965948.922,armed,META,CALLS,655,9/9,,655.0,,👑KingBeeAri🐝,Aristotle
1788965983.209,filled,META,CALLS,655,9/9,,655.0,654.91,👑KingBeeAri🐝,Aristotle
1788966186.353,armed,SPY,PUTS,764,9/9,,763.0,,Vero,Vero 2
1788966218.53,filled,SPY,PUTS,764,9/9,,763.0,763.06,Vero,Vero 2
1788966516.912,armed,TSLA,PUTS,367.5,2026-09-11,,370.0,,@Owner Alerts,Platinum nitro
1788969476.473,armed,AAPL,PUTS,300,9/11,,314.0,,treadwayma,TTT Lotto
1788970076.634,missed,AAPL,PUTS,300,9/11,,314.0,,treadwayma,TTT Lotto
1788979426.997,armed,AAPL,CALLS,315,9/14,,313.0,,Eva,OWLS all-alerts
1788980027.706,missed,AAPL,CALLS,315,9/14,,313.0,,Eva,OWLS all-alerts
1789047258.181,armed,SPY,CALLS,758,0DTE,,758.0,,Midas (Admin),Midas
1789047267.365,filled,SPY,CALLS,758,0DTE,,758.0,758.0,Midas (Admin),Midas
1789047789.181,armed,META,PUTS,645,9/11,,651.0,,Unraveller,Honeydrip daytrades
1789047871.054,armed,TSLA,CALLS,372.5,2026-09-11,,364.0,,@Owner Alerts,Platinum nitro
1789047871.268,armed,TSLA,CALLS,375,2026-09-11,,364.0,,@Options Scalps,Platinum ei-alerts
1789047884.784,filled,META,PUTS,645,9/11,,651.0,651.12,Unraveller,Honeydrip daytrades
1789048471.236,missed,TSLA,CALLS,372.5,2026-09-11,,364.0,,@Owner Alerts,Platinum nitro
1789048471.459,missed,TSLA,CALLS,375,2026-09-11,,364.0,,@Options Scalps,Platinum ei-alerts
1789048969.833,armed,SPY,PUTS,758,2026-09-10,,758.0,,Midas (Admin),Midas
1789049003.001,armed,SPY,PUTS,755,2026-09-10,,758.0,,eli,OWLS all-alerts
1789049119.642,armed,META,CALLS,675,9/11,,646.0,,Eva,OWLS all-alerts
1789049132.757,filled,META,CALLS,675,9/11,,646.0,645.07,Eva,OWLS all-alerts
1789049460.872,armed,META,CALLS,665,9/11,,647.0,,MuggZone,OWLS all-alerts
1789049569.88,missed,SPY,PUTS,758,2026-09-10,,758.0,,Midas (Admin),Midas
1789049603.201,missed,SPY,PUTS,755,2026-09-10,,758.0,,eli,OWLS all-alerts
1789050060.896,missed,META,CALLS,665,9/11,,647.0,,MuggZone,OWLS all-alerts
1789050184.642,armed,AAPL,CALLS,322.5,9/14,,319.0,,Brett,Honeydrip daytrades
1789050425.57,fill_failed,AAPL,CALLS,322.5,9/14,,319.0,318.96,Brett,Honeydrip daytrades
1789054201.473,armed,AAPL,CALLS,325,9/11,,323.0,,👑KingBeeAri🐝,Aristotle
1789054801.486,missed,AAPL,CALLS,325,9/11,,323.0,,👑KingBeeAri🐝,Aristotle
1789057405.902,armed,SPY,CALLS,761,2026-09-10,,758.0,,eli,OWLS all-alerts
1789057520.932,filled,SPY,CALLS,761,2026-09-10,,758.0,758.0,eli,OWLS all-alerts
1789070173.186,armed,AMD,CALLS,525,1DTE,,504.0,,MuggZone,Mugzone Options
1789070175.883,fill_failed,AMD,CALLS,525,1DTE,,504.0,504.0,MuggZone,Mugzone Options
1789155612.866,armed,QQQ,CALLS,716,9/11,,715.0,,TradingTheTrend,Option Alerts
1789156213.066,missed,QQQ,CALLS,716,9/11,,715.0,,TradingTheTrend,Option Alerts
1789395681.518,armed,TSLA,CALLS,357.5,2026-09-18,,358.0,,PT | ei trades,Platinum ei-alerts
1789395737.485,armed,TSLA,PUTS,357.5,2026-09-18,,359.0,,@Owner Alerts,Platinum nitro
1789395847.607,submitted,TSLA,CALLS,357.5,2026-09-18,,358.0,,PT | ei trades,Platinum ei-alerts
1789395849.61,filled,TSLA,CALLS,357.5,2026-09-18,,358.0,7.4,PT | ei trades,Platinum ei-alerts
1789396337.714,missed,TSLA,PUTS,357.5,2026-09-18,,359.0,,@Owner Alerts,Platinum nitro
1789396604.914,armed,QQQ,PUTS,704,9/14,,705.0,,Demon × LKS,Demon day-trades
1789396617.223,submitted,QQQ,PUTS,704,9/14,,705.0,,Demon × LKS,Demon day-trades
1789396619.237,filled,QQQ,PUTS,704,9/14,,705.0,1.13,Demon × LKS,Demon day-trades
1789396876.227,armed,QQQ,PUTS,705,9/14,,705.0,,Vero,Vero 2
1789396938.827,submitted,QQQ,PUTS,705,9/14,,705.0,,Vero,Vero 2
1789396946.364,filled,QQQ,PUTS,705,9/14,,705.0,1.41,Vero,Vero 2
1789398751.119,armed,MSFT,CALLS,505,2026-09-14,,503.0,,MuggZone,OWLS all-alerts
1789398943.03,submitted,MSFT,CALLS,505,2026-09-14,,503.0,,MuggZone,OWLS all-alerts
1789398945.039,filled,MSFT,CALLS,505,2026-09-14,,503.0,0.65,MuggZone,OWLS all-alerts
1789399261.35,armed,QQQ,CALLS,708,2026-09-14,,706.0,,Skyy,shabs
1789399458.12,armed,META,CALLS,670,9/18,,656.0,,Unraveller,Honeydrip daytrades
1789399534.918,submitted,META,CALLS,670,9/18,,656.0,,Unraveller,Honeydrip daytrades
1789399536.926,filled,META,CALLS,670,9/18,,656.0,6.65,Unraveller,Honeydrip daytrades
1789399861.559,missed,QQQ,CALLS,708,2026-09-14,,706.0,,Skyy,shabs
1789401170.118,armed,TSLA,PUTS,340,9/25,,364.0,,MuggZone,Mugzone Options
1789401771.692,submitted,TSLA,PUTS,340,9/25,,364.0,,MuggZone,Mugzone Options
1789401773.697,filled,TSLA,PUTS,340,9/25,,364.0,2.38,MuggZone,Mugzone Options
1789406281.814,armed,SPY,PUTS,762,0DTE,,763.0,,Midas (Admin),Midas
1789406882.001,missed,SPY,PUTS,762,0DTE,,763.0,,Midas (Admin),Midas
1789407690.796,armed,AMZN,CALLS,260,9/18,,255.0,,MuggZone,OWLS all-alerts
1789408290.951,missed,AMZN,CALLS,260,9/18,,255.0,,MuggZone,OWLS all-alerts
1789408431.785,armed,QQQ,CALLS,715,9/17,,712.0,,EliteOptions | Brando,Brando Alerts
1789408431.794,armed,QQQ,CALLS,715,SEPT 17,,712.0,,EliteOptions | Brando,Brando Alerts
1789409031.897,missed,QQQ,CALLS,715,SEPT 17,,712.0,,EliteOptions | Brando,Brando Alerts
1789409032.005,missed,QQQ,CALLS,715,9/17,,712.0,,EliteOptions | Brando,Brando Alerts
1789409100.295,armed,META,CALLS,700,9/18,,667.0,,👑KingBeeAri🐝,Aristotle
1789409104.883,submitted,META,CALLS,700,9/18,,667.0,,👑KingBeeAri🐝,Aristotle
1789409106.897,filled,META,CALLS,700,9/18,,667.0,2.61,👑KingBeeAri🐝,Aristotle
1789409656.773,armed,QQQ,CALLS,713,2026-09-14,,712.0,,Skyy,shabs
1789410025.801,armed,TSLA,PUTS,360,0DTE,,362.0,,MuggZone,Mugzone Options
1789410146.906,submitted,QQQ,CALLS,713,2026-09-14,,712.0,,Skyy,shabs
1789410148.911,filled,QQQ,CALLS,713,2026-09-14,,712.0,0.24,Skyy,shabs
1789410625.826,missed,TSLA,PUTS,360,0DTE,,362.0,,MuggZone,Mugzone Options
1789479748.228,armed,AMD,PUTS,490,9/18,,505.0,,Unraveller,Honeydrip daytrades
1789479751.52,submit_failed,AMD,PUTS,490,9/18,,505.0,,Unraveller,Honeydrip daytrades
1789480017.414,armed,META,CALLS,690,9/16,,671.0,,Demon × LKS,Demon day-trades
1789480046.324,submitted,META,CALLS,690,9/16,,671.0,,Demon × LKS,Demon day-trades
1789480048.355,filled,META,CALLS,690,9/16,,671.0,1.88,Demon × LKS,Demon day-trades
