1788662911,22:48,0.0,SPY   250801C00745000,SPY,3.0,6.67,0.0,False,0,0.0,,,
1788662911,22:48,0.0,SPY   250801C00745000,SPY,3.0,45.0,0.0,False,0,0.0,,,
1788662912,22:48,0.0,,NQ,28660.0,-0.3,0.0,False,0,0.0,,,
1788662912,22:48,0.0,,ES,7500.0,-0.27,0.0,False,0,0.0,,,
1788662912,22:48,0.0,SPY   250801C00745000,TSLA,4.5,-7.78,0.0,False,0,0.0,,,
1788662914,22:48,0.1,SPY   250801C00745000,SPY,4.0,-25.0,-10.0,True,0,0.0,,,
1788662929,22:48,0.0,SPY   250801C00745000,SPY,3.0,6.67,0.0,False,0,0.0,,,
1788662929,22:48,0.0,SPY   250801C00745000,SPY,3.0,45.0,0.0,False,0,0.0,,,
1788662930,22:48,0.0,,NQ,28660.0,-0.3,0.0,False,0,0.0,,,
1788662930,22:48,0.0,,ES,7500.0,-0.27,0.0,False,0,0.0,,,
1788662931,22:48,0.0,SPY   250801C00745000,TSLA,4.5,-7.78,0.0,False,0,0.0,,,
1788662932,22:48,0.1,SPY   250801C00745000,SPY,4.0,-25.0,-10.0,True,0,0.0,,,
1788663042,22:50,0.0,SPY   250801C00745000,SPY,3.0,6.67,0.0,False,0,0.0,,,
1788663042,22:50,0.0,SPY   250801C00745000,SPY,3.0,45.0,0.0,False,0,0.0,,,
1788663044,22:50,0.0,,NQ,28660.0,-0.3,0.0,False,0,0.0,,,
1788663044,22:50,0.0,,ES,7500.0,-0.27,0.0,False,0,0.0,,,
1788663044,22:50,0.0,SPY   250801C00745000,TSLA,4.5,-7.78,0.0,False,0,0.0,,,
1788663045,22:50,0.1,SPY   250801C00745000,SPY,4.0,-25.0,-10.0,True,0,0.0,,,
1788663061,22:51,0.0,SPY   250801C00745000,SPY,3.0,6.67,0.0,False,0,0.0,,,
1788663061,22:51,0.0,SPY   250801C00745000,SPY,3.0,45.0,0.0,False,0,0.0,,,
1788663062,22:51,0.0,,NQ,28660.0,-0.3,0.0,False,0,0.0,,,
1788663062,22:51,0.0,,ES,7500.0,-0.27,0.0,False,0,0.0,,,
1788663062,22:51,0.0,SPY   250801C00745000,TSLA,4.5,-7.78,0.0,False,0,0.0,,,
1788663064,22:51,0.1,SPY   250801C00745000,SPY,4.0,-25.0,-10.0,True,0,0.0,,,
1788663874,23:04,0.0,SPY   250801C00745000,SPY,3.0,6.67,0.0,False,0,0.0,,,
1788663874,23:04,0.0,SPY   250801C00745000,SPY,3.0,45.0,0.0,False,0,0.0,,,
1788663875,23:04,0.0,,NQ,28660.0,-0.3,0.0,False,0,0.0,,,
1788663876,23:04,0.0,,ES,7500.0,-0.27,0.0,False,0,0.0,,,
1788663876,23:04,0.0,SPY   250801C00745000,TSLA,4.5,-7.78,0.0,False,0,0.0,,,
1788663877,23:04,0.1,SPY   250801C00745000,SPY,4.0,-25.0,-10.0,True,0,0.0,,,
1788663892,23:04,0.0,SPY   250801C00745000,SPY,3.0,6.67,0.0,False,0,0.0,,,
1788663892,23:04,0.0,SPY   250801C00745000,SPY,3.0,45.0,0.0,False,0,0.0,,,
1788663894,23:04,0.0,,NQ,28660.0,-0.3,0.0,False,0,0.0,,,
1788663894,23:04,0.0,,ES,7500.0,-0.27,0.0,False,0,0.0,,,
1788663894,23:04,0.0,SPY   250801C00745000,TSLA,4.5,-7.78,0.0,False,0,0.0,,,
1788663895,23:04,0.1,SPY   250801C00745000,SPY,4.0,-25.0,-10.0,True,0,0.0,,,
1788665769,23:36,0.0,SPY   250801C00745000,SPY,3.0,6.67,0.0,False,0,0.0,,,
1788665770,23:36,0.0,SPY   250801C00745000,SPY,3.0,45.0,0.0,False,0,0.0,,,
1788665771,23:36,0.0,,NQ,28660.0,-0.3,0.0,False,0,0.0,,,
1788665771,23:36,0.0,,ES,7500.0,-0.27,0.0,False,0,0.0,,,
1788665771,23:36,0.0,SPY   250801C00745000,TSLA,4.5,-7.78,0.0,False,0,0.0,,,
1788665773,23:36,0.1,SPY   250801C00745000,SPY,4.0,-25.0,-10.0,True,0,0.0,,,
1788665788,23:36,0.0,SPY   250801C00745000,SPY,3.0,6.67,0.0,False,0,0.0,,,
1788665788,23:36,0.0,SPY   250801C00745000,SPY,3.0,45.0,0.0,False,0,0.0,,,
1788665789,23:36,0.0,,NQ,28660.0,-0.3,0.0,False,0,0.0,,,
1788665789,23:36,0.0,,ES,7500.0,-0.27,0.0,False,0,0.0,,,
1788665789,23:36,0.0,SPY   250801C00745000,TSLA,4.5,-7.78,0.0,False,0,0.0,,,
1788665791,23:36,0.1,SPY   250801C00745000,SPY,4.0,-25.0,-10.0,True,0,0.0,,,
1788670530,00:55,0.0,SPY   250801C00745000,SPY,3.0,6.67,0.0,False,0,0.0,,,
1788670530,00:55,0.0,SPY   250801C00745000,SPY,3.0,45.0,0.0,False,0,0.0,,,
1788670532,00:55,0.0,,NQ,28660.0,-0.3,0.0,False,0,0.0,,,
1788670532,00:55,0.0,,ES,7500.0,-0.27,0.0,False,0,0.0,,,
1788670532,00:55,0.0,SPY   250801C00745000,TSLA,4.5,-7.78,0.0,False,0,0.0,,,
1788670533,00:55,0.1,SPY   250801C00745000,SPY,4.0,-25.0,-10.0,True,0,0.0,,,
1788670548,00:55,0.0,SPY   250801C00745000,SPY,3.0,6.67,0.0,False,0,0.0,,,
1788670548,00:55,0.0,SPY   250801C00745000,SPY,3.0,45.0,0.0,False,0,0.0,,,
1788670550,00:55,0.0,,NQ,28660.0,-0.3,0.0,False,0,0.0,,,
1788670550,00:55,0.0,,ES,7500.0,-0.27,0.0,False,0,0.0,,,
1788670550,00:55,0.0,SPY   250801C00745000,TSLA,4.5,-7.78,0.0,False,0,0.0,,,
1788670551,00:55,0.1,SPY   250801C00745000,SPY,4.0,-25.0,-10.0,True,0,0.0,,,
1788672506,01:28,0.0,SPY   250801C00745000,SPY,3.0,6.67,0.0,False,0,0.0,,,
1788672506,01:28,0.0,SPY   250801C00745000,SPY,3.0,45.0,0.0,False,0,0.0,,,
1788672507,01:28,0.0,,NQ,28660.0,-0.3,0.0,False,0,0.0,,,
1788672507,01:28,0.0,,ES,7500.0,-0.27,0.0,False,0,0.0,,,
1788672508,01:28,0.0,SPY   250801C00745000,TSLA,4.5,-7.78,0.0,False,0,0.0,,,
1788672509,01:28,0.1,SPY   250801C00745000,SPY,4.0,-25.0,-10.0,True,0,0.0,,,
1788672524,01:28,0.0,SPY   250801C00745000,SPY,3.0,6.67,0.0,False,0,0.0,,,
1788672524,01:28,0.0,SPY   250801C00745000,SPY,3.0,45.0,0.0,False,0,0.0,,,
1788672525,01:28,0.0,,NQ,28660.0,-0.3,0.0,False,0,0.0,,,
1788672526,01:28,0.0,,ES,7500.0,-0.27,0.0,False,0,0.0,,,
1788672526,01:28,0.0,SPY   250801C00745000,TSLA,4.5,-7.78,0.0,False,0,0.0,,,
1788672527,01:28,0.1,SPY   250801C00745000,SPY,4.0,-25.0,-10.0,True,0,0.0,,,
1788675310,02:15,0.0,SPY   250801C00745000,SPY,3.0,6.67,0.0,False,0,0.0,,,
1788675310,02:15,0.0,SPY   250801C00745000,SPY,3.0,45.0,0.0,False,0,0.0,,,
1788675324,02:15,0.0,SPY   250801C00745000,SPY,3.0,6.67,0.0,False,0,0.0,,,
1788675325,02:15,0.0,SPY   250801C00745000,SPY,3.0,45.0,0.0,False,0,0.0,,,
1788675328,02:15,0.1,SPY   250801C00745000,SPY,4.0,-25.0,-10.0,True,0,0.0,,,
1788675379,02:16,0.0,SPY   250801C00745000,SPY,3.0,6.67,0.0,False,0,0.0,,,
1788675379,02:16,0.0,SPY   250801C00745000,SPY,3.0,45.0,0.0,False,0,0.0,,,
1788675407,02:16,0.0,SPY   250801C00745000,SPY,3.0,6.67,0.0,False,0,0.0,,,
1788675407,02:16,0.0,SPY   250801C00745000,SPY,3.0,45.0,0.0,False,0,0.0,,,
1788675408,02:16,0.0,,NQ,28660.0,-0.3,0.0,False,0,0.0,,,
