ts,date,time,room,caller,reason,source_file,source_message_verbatim
2021-12-16 17:05:41,2021-12-16,17:05:41,TradingTheTrend: spreads-101 #827960999478820914,beendoubleyou,"equity-style message but 5 tickers in it (NVDA,NVDA,NVDA,NVDA,NVDA) - cannot tell which one is the trade",signal-room-chat Sep-10-2026 (discord).txt,"Ok, let's talk about these leaps I got today. Obviously the plan is have them go up, but I also plan on collecting some additional premium by making them a diagonal spread for the next year. You do this by selling calls at a higher strike with a closer expiration. Just like selling covered calls. You don't actually have the 100 shares, but the long call acts like 100 shares so you're allowed to sell calls against it. I know what you're thinking, ""but those strikes are way out of the money, you can't sell calls against it!"" Yes and no. Take NVDA for example, $400 strike, but it's for over a year out. Sure, I won't be able to collect anything trying to sell the Dec 17th $405 strike...because that's tomorrow and NVDA isn't jumping over $100 tomorrow, even with it being quad witching. But.....I can sell the Dec 31st $405 strike and collect about $20 for it. I doubt NVDA reaches $405 by Dec 31st so that seems like an easy $20 Now imagine collecting that $20 per contract every few weeks for the next year. That's going to add up and help reduce my overall cost of the leaps I got today. And as NVDA goes up in value over the next year, my long calls will also go up (hopefully). My plan for selling calls against the leaps is to collect enough premium on selling calls to cover the cost of the leaps. Imagine in February NVDA is at like $380 selling those $405 (or higher) calls is going to pay a lot more than $20 Then when it goes ITM, the real fun begins. So I plan on collecting a few bucks here and there the next few weeks, but then as each leap grows in value, I'll be able to pocket more."
2022-10-06 00:58:51,2022-10-06,00:58:51,Platinum Trading: 📚│introduction #1027439819237900309,Platinum Trading,"equity-style message but 6 tickers in it (NFLX,AMZN,TSLA,NFLX,AAPL,SPY) - cannot tell which one is the trade",signal-room-chat Aug-23-2026.txt,"Introduction Stocks are used to buy a ""part"" of a company. When entering a stock, you are expecting the stock price to go up because it is a good company. For example, If I am buying a share of Netflix (NFLX) I think it will go up in the future so I can sell it for more than I bought it at. If you bought those shares of Netflix at $100 and they went to $500 a share, you made $400 a share profit. Other than buying to sell the shares in the future, you may as a means of receiving ""dividends"". Dividends are percentages of revenue from a company that you receive based on the amount of shares you own. So in basic terms, you buy a share in a company you believe has potential to grow so you can sell those shares for a profit later on. Terminology PT - Price Target SL - Stop Loss Scalp - also known as a daytrade. Quickly getting in and out of a stock. Short Swing - buying a stock to hold throughout the day typically an overnight position expecting it to increase over time Long Swing - Buying a stock at a good entry and holding for weeks or months Short Squeeze - A short squeeze occurs when a stock or other asset jumps sharply higher, forcing traders who had bet that its price would fall to buy it in order to forestall even greater losses. Their scramble to buy only adds to the upward pressure on the stock's price. Limit buy - buying at that exact share price and not any higher Market buy/sell order - buying/selling in the open market (don’t do it with penny stocks we trade) use limit buy/sell to get the best spread Reverse split - Company doesn’t meet requirements to stay listed as is on the exchange Tutes - institutions, big brokerages aka hedge funds. “Big money” that can have large impact on a stock HOD - High of the Day Finding Stocks to Buy The hardest part of trading/investing for most people, is finding what stocks to buy. The best way to get some experience in the market is to buy shares of some big companies. I have listed some of them below BIG NAME STOCKS LIST AMZN - Amazon TSLA - Tesla NFLX - Netflix TWTR - Twitter AAPL - Apple SPY - Spyder ETF FB - Facebook A quick pro tip for buying any of these stocks, is to average into positions if longer term rather than fully enter at once. Paper Trading An amazing way to practice stock trading/investing with zero risk is paper trading. Paper trading allows you to buy and sell stocks with fake money, which is amazing for those who are looking to learn with risking any money. You can use the paper trading system in Webull to practice. Stock Market Tips Before entering a trade, make sure of a few things : Have a stop loss and price target set - Make sure to have a point in where you will sell for minimal losses. Make sure to also not get greedy and take profits at some point. Make sure to do adequate research before entering - Never blindly enter a trade without adequate research. Know what you are trading. Always buy the dips, sell the rips - Whenever everyone is panicking because of a price drop, that's when you buy. Buy low, sell high. Do not trade with emotions!!! - This one is important. DO NOT buy a stock at all time high prices because of FOMO , (Fear of missing out). This is how you lose money in the market. Wait for dips and load up. Don't trade with money you can't afford to lose - Never use your rent money to trade as the market is unpredictable. You could make 100k in one day or lose 20k in one day. You never know so trade with money you can afford to lose! Good Videos for Learning Introduction to market - https://youtu.be/dFAiChOmoGI Support and Resistance - https://youtu.be/SgXOw_wOaBw Trading Breakouts - https://youtu.be/yGfAUia6b_g Day Trading - https://www.youtube.com/watch?v=I4yiHiM8OgI Swing Trading - https://www.youtube.com/watch?v=BwVSUnb7cM8"
2026-05-04 13:29:46,2026-05-04,13:29:46,Low Key Stonks: 🎲ascendancy-alerts #1315499985793712169,Ascendancy,"equity-style message but 2 tickers in it (DRAM,WDC) - cannot tell which one is the trade",signal-room-chat Sep-10-2026 (discord).txt,DRAM - new ETF (about a month old) focused on global chip production for AI infrastructure. Up 57% or something in the last month already. Top Holdings as of May 2026: SK Hynix Inc (000660): ~25.9% Samsung Electronics Co Ltd (005930): ~21.6% First American Government Obligations Fund: ~13.2% (cash equivalent) Micron Technology Inc (Swap): ~12.17% - 13.06% United States Treasury Bills: ~9.1% Kioxia Holdings Corp: ~6.1% Sandisk Corp: ~5.4% Seagate Technology (STX): ~5.3% Western Digital (WDC): ~5.0% I'm buying in for shares at 42.51 @Ascendancy Alerts @Long-Term Investor
2026-06-02 09:33:07,2026-06-02,09:33:07,Platinum Trading: 🟣│equity #983807207625859143,Mr M Trades 🤖,"equity-style message but 3 tickers in it (TROO,TROO,TROO) - cannot tell which one is the trade",signal-room-chat Aug-23-2026.txt,"NOTES / COMMENT | ON WATCH TODAY Ticker: $TROO FINANCIAL SERVICES + MOMENTUM SETUP TROOPS operates through its financial leasing and financing businesses and has recently become one of the strongest relative strength names in its sector. RS Rating: 98 (top-performing stocks in the market) Revenue-generating financial services business Shares up more than 80% from April lows Maintaining elevated volume versus historical averages The story here isn't necessarily the fundamentals alone - it's the combination of strong relative strength, improving trend structure, and continued investor attention. Technical View: Strong uptrend remains intact from April lows Holding key support around $3.70-$3.80 Bull flag / descending consolidation forming Good consolidation and undercut of 20 day line - watching for reclaim and test of upper resistance That's exactly what TROO appears to be doing right now. Keep $TROO on your radar. Disclaimer @MrMTrades"
2026-07-17 09:35:39,2026-07-17,09:35:39,Low Key Stonks: 🦋zhangsta-longterm-alerts #1446564183469592638,zhangsta,"equity-style message but 3 tickers in it (MRVL,GLW,AAOI) - cannot tell which one is the trade",signal-room-chat Sep-10-2026 (discord).txt,"Also added Coherent stock 264 @Zhangsta Alerts I’ve been wanting to add an optics name, so not mad at this 30%+ pullback this past month Investment thesis key points: AI infrastructure enabler: Supplies the lasers and optical components powering next-generation AI datacenter interconnects. , Technology leader: Strong position in indium phosphide (InP), silicon photonics, and high-speed optical networking (800G → 1.6T). , Operating leverage: AI products are becoming a larger mix of revenue, supporting margin expansion as production scales. , Strategic AI exposure: Key supplier to hyperscalers with partnerships including Nvidia, benefiting from the multiyear AI infrastructure buildout. , Diversified downside protection: AI growth is complemented by established businesses in industrial, semiconductor, aerospace, and defense markets. , Other names to compare and contrast in the same sector —> LITE MRVL GLW MTSI AAOI to consider for when you do your own dd"
2026-07-27 13:26:51,2026-07-27,13:26:51,TradingTheTrend: ⚠stock-alerts-⚠ #769797593316065280,beendoubleyou,"equity-style message but 2 tickers in it (TSLA,TSLA) - cannot tell which one is the trade",signal-room-chat Sep-10-2026 (discord).txt,Adding shares of TSLA to the long term at 307.50. Going lighter than normally. I've been adding shares of TSLA since 2017ish. No plans to sell.
2026-08-04 00:39:47,2026-08-04,00:39:47,Low Key Stonks: 🦆phiccduck-alerts #1315499512353128498,PhiccDuck,"equity-style message but 2 tickers in it (RMBS,DRAM) - cannot tell which one is the trade",signal-room-chat Sep-10-2026 (discord).txt,"$RMBS a memory name which profits off the samsung Hynix hype train. They license memory patents to DRAM makers. Just had earnings which was a beat in nearly all metrics. Overall stable growth but massively beat at the weekly 100ema, daily also looks promising to hold 80. Only issue is its a pretty illiquid options chain. Any liquidity and may look for calls but otherwise a stock hold play @PhiccDuck Alerts"
2026-08-17 11:16:47,2026-08-17,11:16:47,ZTRADEZ (OPTIONS & STOCKS): 🟢︱🏆top-flow #829352738239414332,NVDA,"ticker and a bare number only - no strike, side or expiry anywhere",signal-room-chat Aug-19-2026.txt,NVDA | 2.23
2026-08-18 09:56:53,2026-08-18,09:56:53,ZTRADEZ (OPTIONS & STOCKS): 🟢︱🏆top-flow #829352738239414332,NVDA,"ticker and a bare number only - no strike, side or expiry anywhere",signal-room-chat Aug-19-2026.txt,NVDA | 1.85
2026-08-19 09:52:36,2026-08-19,09:52:36,ZTRADEZ (OPTIONS & STOCKS): 🟢︱🏆top-flow #829352738239414332,TSLA,"ticker and a bare number only - no strike, side or expiry anywhere",signal-room-chat Aug-19-2026.txt,TSLA | 4.70
2026-08-19 09:52:36,2026-08-19,09:52:36,ZTRADEZ (OPTIONS & STOCKS): 🟢︱🏆top-flow #829352738239414332,TSLA,"ticker and a bare number only - no strike, side or expiry anywhere",signal-room-chat Aug-19-2026.txt,TSLA | 4.70
2026-08-19 09:53:00,2026-08-19,09:53:00,ZTRADEZ (OPTIONS & STOCKS): 🟢︱🏆top-flow #829352738239414332,TSLA,"ticker and a bare number only - no strike, side or expiry anywhere",signal-room-chat Aug-19-2026.txt,TSLA | 4.75
2026-08-19 09:53:00,2026-08-19,09:53:00,ZTRADEZ (OPTIONS & STOCKS): 🟢︱🏆top-flow #829352738239414332,TSLA,"ticker and a bare number only - no strike, side or expiry anywhere",signal-room-chat Aug-19-2026.txt,TSLA | 4.75
2026-08-19 10:07:03,2026-08-19,10:07:03,ZTRADEZ (OPTIONS & STOCKS): 🟢︱🏆top-flow #829352738239414332,TLSA,"ticker and a bare number only - no strike, side or expiry anywhere",signal-room-chat Aug-19-2026.txt,TLSA | 5.20
2026-08-19 10:07:09,2026-08-19,10:07:09,ZTRADEZ (OPTIONS & STOCKS): 🟢︱🏆top-flow #829352738239414332,TLSA,"ticker and a bare number only - no strike, side or expiry anywhere",signal-room-chat Aug-19-2026.txt,TLSA | 5.25
2026-08-19 10:07:09,2026-08-19,10:07:09,ZTRADEZ (OPTIONS & STOCKS): 🟢︱🏆top-flow #829352738239414332,TLSA,"ticker and a bare number only - no strike, side or expiry anywhere",signal-room-chat Aug-19-2026.txt,TLSA | 5.25
2026-08-19 10:20:47,2026-08-19,10:20:47,ZTRADEZ (OPTIONS & STOCKS): 🟢︱🏆top-flow #829352738239414332,TLSA,"ticker and a bare number only - no strike, side or expiry anywhere",signal-room-chat Aug-19-2026.txt,TLSA | 5.40
2026-08-19 10:20:48,2026-08-19,10:20:48,ZTRADEZ (OPTIONS & STOCKS): 🟢︱🏆top-flow #829352738239414332,TLSA,"ticker and a bare number only - no strike, side or expiry anywhere",signal-room-chat Aug-19-2026.txt,TLSA | 5.40
2026-08-19 10:24:57,2026-08-19,10:24:57,ZTRADEZ (OPTIONS & STOCKS): 🟢︱🏆top-flow #829352738239414332,TSLA,"ticker and a bare number only - no strike, side or expiry anywhere",signal-room-chat Aug-19-2026.txt,"TSLA | 2.80 bullwinkle0001000 , *REVISED 339.30 2.72*"
2026-08-19 10:25:19,2026-08-19,10:25:19,ZTRADEZ (OPTIONS & STOCKS): 🟢︱🏆top-flow #829352738239414332,TSLA,"ticker and a bare number only - no strike, side or expiry anywhere",signal-room-chat Aug-19-2026.txt,TSLA | 2.90
2026-08-19 10:25:20,2026-08-19,10:25:20,ZTRADEZ (OPTIONS & STOCKS): 🟢︱🏆top-flow #829352738239414332,TSLA,"ticker and a bare number only - no strike, side or expiry anywhere",signal-room-chat Aug-19-2026.txt,TSLA | 2.90
2026-08-19 10:26:21,2026-08-19,10:26:21,ZTRADEZ (OPTIONS & STOCKS): 🟢︱🏆top-flow #829352738239414332,TSLA,"ticker and a bare number only - no strike, side or expiry anywhere",signal-room-chat Aug-19-2026.txt,TSLA | 2.93
2026-08-19 10:26:21,2026-08-19,10:26:21,ZTRADEZ (OPTIONS & STOCKS): 🟢︱🏆top-flow #829352738239414332,TSLA,"ticker and a bare number only - no strike, side or expiry anywhere",signal-room-chat Aug-19-2026.txt,TSLA | 2.93
2026-08-19 10:27:23,2026-08-19,10:27:23,ZTRADEZ (OPTIONS & STOCKS): 🟢︱🏆top-flow #829352738239414332,TSLA,"ticker and a bare number only - no strike, side or expiry anywhere",signal-room-chat Aug-19-2026.txt,TSLA | 3.05
2026-08-19 10:27:23,2026-08-19,10:27:23,ZTRADEZ (OPTIONS & STOCKS): 🟢︱🏆top-flow #829352738239414332,TSLA,"ticker and a bare number only - no strike, side or expiry anywhere",signal-room-chat Aug-19-2026.txt,"TSLA | 3.05 bullwinkle0001000 , *REVISED 339.30 2.72*"
2026-08-19 10:27:32,2026-08-19,10:27:32,ZTRADEZ (OPTIONS & STOCKS): 🟢︱🏆top-flow #829352738239414332,TSLA,"ticker and a bare number only - no strike, side or expiry anywhere",signal-room-chat Aug-19-2026.txt,TSLA | 3.15
2026-08-19 10:27:33,2026-08-19,10:27:33,ZTRADEZ (OPTIONS & STOCKS): 🟢︱🏆top-flow #829352738239414332,TSLA,"ticker and a bare number only - no strike, side or expiry anywhere",signal-room-chat Aug-19-2026.txt,TSLA | 3.15
2026-08-19 10:27:45,2026-08-19,10:27:45,ZTRADEZ (OPTIONS & STOCKS): 🟢︱🏆top-flow #829352738239414332,TSLA,"ticker and a bare number only - no strike, side or expiry anywhere",signal-room-chat Aug-19-2026.txt,TSLA | 3.20
2026-08-19 10:27:45,2026-08-19,10:27:45,ZTRADEZ (OPTIONS & STOCKS): 🟢︱🏆top-flow #829352738239414332,TSLA,"ticker and a bare number only - no strike, side or expiry anywhere",signal-room-chat Aug-19-2026.txt,"TSLA | 3.20 bullwinkle0001000 , *REVISED 339.30 2.72*"
2026-08-19 10:28:18,2026-08-19,10:28:18,ZTRADEZ (OPTIONS & STOCKS): 🟢︱🏆top-flow #829352738239414332,TSLA,"ticker and a bare number only - no strike, side or expiry anywhere",signal-room-chat Aug-19-2026.txt,TSLA | 5.80
2026-08-19 10:28:18,2026-08-19,10:28:18,ZTRADEZ (OPTIONS & STOCKS): 🟢︱🏆top-flow #829352738239414332,TSLA,"ticker and a bare number only - no strike, side or expiry anywhere",signal-room-chat Aug-19-2026.txt,"TSLA | 5.80 bullwinkle0001000 , REVISING 336.23 BREAK 4.40"
2026-08-19 10:29:46,2026-08-19,10:29:46,ZTRADEZ (OPTIONS & STOCKS): 🟢︱🏆top-flow #829352738239414332,TSLA,"ticker and a bare number only - no strike, side or expiry anywhere",signal-room-chat Aug-19-2026.txt,TSLA | 3.50
2026-08-19 10:29:46,2026-08-19,10:29:46,ZTRADEZ (OPTIONS & STOCKS): 🟢︱🏆top-flow #829352738239414332,TSLA,"ticker and a bare number only - no strike, side or expiry anywhere",signal-room-chat Aug-19-2026.txt,"TSLA | 3.50 bullwinkle0001000 , *REVISED 339.30 2.72*"
2026-08-19 10:30:13,2026-08-19,10:30:13,ZTRADEZ (OPTIONS & STOCKS): 🟢︱🏆top-flow #829352738239414332,TSLA,"ticker and a bare number only - no strike, side or expiry anywhere",signal-room-chat Aug-19-2026.txt,TSLA | 6.10
2026-08-19 10:30:14,2026-08-19,10:30:14,ZTRADEZ (OPTIONS & STOCKS): 🟢︱🏆top-flow #829352738239414332,TSLA,"ticker and a bare number only - no strike, side or expiry anywhere",signal-room-chat Aug-19-2026.txt,"TSLA | 6.10 bullwinkle0001000 , REVISING 336.23 BREAK 4.40"
2026-08-19 10:31:14,2026-08-19,10:31:14,ZTRADEZ (OPTIONS & STOCKS): 🟢︱🏆top-flow #829352738239414332,TSLA,"ticker and a bare number only - no strike, side or expiry anywhere",signal-room-chat Aug-19-2026.txt,TSLA | 6.70
2026-08-19 10:31:15,2026-08-19,10:31:15,ZTRADEZ (OPTIONS & STOCKS): 🟢︱🏆top-flow #829352738239414332,TSLA,"ticker and a bare number only - no strike, side or expiry anywhere",signal-room-chat Aug-19-2026.txt,"TSLA | 6.70 bullwinkle0001000 , REVISING 336.23 BREAK 4.40"
2026-08-19 10:31:39,2026-08-19,10:31:39,ZTRADEZ (OPTIONS & STOCKS): 🟢︱🏆top-flow #829352738239414332,TSLA,"ticker and a bare number only - no strike, side or expiry anywhere",signal-room-chat Aug-19-2026.txt,TSLA | 3.80
2026-08-19 10:31:39,2026-08-19,10:31:39,ZTRADEZ (OPTIONS & STOCKS): 🟢︱🏆top-flow #829352738239414332,TSLA,"ticker and a bare number only - no strike, side or expiry anywhere",signal-room-chat Aug-19-2026.txt,"TSLA | 3.80 bullwinkle0001000 , *REVISED 339.30 2.72*"
2026-08-19 10:41:05,2026-08-19,10:41:05,ZTRADEZ (OPTIONS & STOCKS): 🟢︱🏆top-flow #829352738239414332,TSLA,"ticker and a bare number only - no strike, side or expiry anywhere",signal-room-chat Aug-19-2026.txt,TSLA | 7.80
2026-08-19 10:41:05,2026-08-19,10:41:05,ZTRADEZ (OPTIONS & STOCKS): 🟢︱🏆top-flow #829352738239414332,TSLA,"ticker and a bare number only - no strike, side or expiry anywhere",signal-room-chat Aug-19-2026.txt,"TSLA | 7.80 bullwinkle0001000 , REVISING 336.23 BREAK 4.40"
2026-08-19 10:41:25,2026-08-19,10:41:25,ZTRADEZ (OPTIONS & STOCKS): 🟢︱🏆top-flow #829352738239414332,TSLA,"ticker and a bare number only - no strike, side or expiry anywhere",signal-room-chat Aug-19-2026.txt,TSLA | 4.50
2026-08-19 10:41:25,2026-08-19,10:41:25,ZTRADEZ (OPTIONS & STOCKS): 🟢︱🏆top-flow #829352738239414332,TSLA,"ticker and a bare number only - no strike, side or expiry anywhere",signal-room-chat Aug-19-2026.txt,"TSLA | 4.50 bullwinkle0001000 , *REVISED 339.30 2.72*"
2026-08-19 10:43:14,2026-08-19,10:43:14,ZTRADEZ (OPTIONS & STOCKS): 🟢︱🏆top-flow #829352738239414332,TSLA,"ticker and a bare number only - no strike, side or expiry anywhere",signal-room-chat Aug-19-2026.txt,TSLA | 8.30
2026-08-19 10:43:15,2026-08-19,10:43:15,ZTRADEZ (OPTIONS & STOCKS): 🟢︱🏆top-flow #829352738239414332,TSLA,"ticker and a bare number only - no strike, side or expiry anywhere",signal-room-chat Aug-19-2026.txt,"TSLA | 8.30 bullwinkle0001000 , REVISING 336.23 BREAK 4.40"
2026-08-19 11:22:11,2026-08-19,11:22:11,ZTRADEZ (OPTIONS & STOCKS): 🟢︱🔪scalps #721821717328298066,TSLA,"ticker and a bare number only - no strike, side or expiry anywhere",signal-room-chat Aug-19-2026.txt,TSLA | 7.52 OUT HALF
2026-08-19 11:22:11,2026-08-19,11:22:11,ZTRADEZ (OPTIONS & STOCKS): 🟢︱🔪scalps #721821717328298066,TSLA,"ticker and a bare number only - no strike, side or expiry anywhere",signal-room-chat Aug-19-2026.txt,TSLA | 7.57 1 LEFT
2026-08-19 11:22:11,2026-08-19,11:22:11,ZTRADEZ (OPTIONS & STOCKS): 🟢︱🔪scalps #721821717328298066,TSLA,"ticker and a bare number only - no strike, side or expiry anywhere",signal-room-chat Aug-19-2026.txt,TSLA | 7.65 OUT PENDING ORDER SHOULD FILL
2026-08-19 12:06:29,2026-08-19,12:06:29,ZTRADEZ (OPTIONS & STOCKS): 🟢︱🔪scalps #721821717328298066,MRNA,"ticker and a bare number only - no strike, side or expiry anywhere",signal-room-chat Aug-19-2026.txt,MRNA | 35.40 OUT
2026-08-19 13:21:08,2026-08-19,13:21:08,ZTRADEZ (OPTIONS & STOCKS): 🟢︱🔪scalps #721821717328298066,COIN,"ticker and a bare number only - no strike, side or expiry anywhere",signal-room-chat Aug-19-2026.txt,COIN | 7.10 OUT ALL BUT 1
2026-08-19 13:21:08,2026-08-19,13:21:08,ZTRADEZ (OPTIONS & STOCKS): 🟢︱🔪scalps #721821717328298066,COIN,"ticker and a bare number only - no strike, side or expiry anywhere",signal-room-chat Aug-19-2026.txt,COIN | 7.25 ON ASK SPREAD WIDE MARKETING OUT LAST WIN
2026-08-20 09:30:12,2026-08-20,09:30:12,ZTRADEZ (OPTIONS & STOCKS): ◽︱🎩mr-top-hat #1135947475912495216,MR.TOPHAT (OPTIONS/FUTURES),"equity-style message but 3 tickers in it (AZIO,AZIO,AZIO) - cannot tell which one is the trade",signal-room-chat Aug-20-2026.txt,"@everyone Ticker: $AZIO CP: 1.25-1.35 PT: 1.50-1.75 (possible power hour move low float ticker 3.94M shares according to finviz. All Eyes Are On (Nasdaq: AZIO) This Morning as This Low-Float Profile Tops of Thursday Watchlist - August 20th, 2026 The company recently executed a Master Services Agreement with AT&T to provide enterprise fiber connectivity for its planned 500-megawatt Texas AI infrastructure platform. Under the AT&T agreement, AZIO AI has committed approximately $2.4 million for high-capacity fiber services designed to support AI training, inference, GPU cloud computing, enterprise colocation and other high-performance computing workloads. disclaimer"
2026-08-20 09:42:34,2026-08-20,09:42:34,ZTRADEZ (OPTIONS & STOCKS): 🟢︱🏆top-flow #829352738239414332,AAPL,"ticker and a bare number only - no strike, side or expiry anywhere",signal-room-chat Aug-20-2026.txt,AAPL | 2.38
2026-08-20 09:42:40,2026-08-20,09:42:40,ZTRADEZ (OPTIONS & STOCKS): 🟢︱🏆top-flow #829352738239414332,AAPL,"ticker and a bare number only - no strike, side or expiry anywhere",signal-room-chat Aug-20-2026.txt,AAPL | 2.42
2026-08-20 09:42:40,2026-08-20,09:42:40,ZTRADEZ (OPTIONS & STOCKS): 🟢︱🏆top-flow #829352738239414332,AAPL,"ticker and a bare number only - no strike, side or expiry anywhere",signal-room-chat Aug-20-2026.txt,AAPL | 2.42
2026-08-20 09:45:30,2026-08-20,09:45:30,ZTRADEZ (OPTIONS & STOCKS): 🟢︱🏆top-flow #829352738239414332,TSLA,"ticker and a bare number only - no strike, side or expiry anywhere",signal-room-chat Aug-20-2026.txt,TSLA | 4.60
2026-08-20 09:48:33,2026-08-20,09:48:33,ZTRADEZ (OPTIONS & STOCKS): 🟢︱🏆top-flow #829352738239414332,TSLA,"ticker and a bare number only - no strike, side or expiry anywhere",signal-room-chat Aug-20-2026.txt,TSLA | 4.95 WIN ON ALL HERE
2026-08-21 09:55:25,2026-08-21,09:55:25,ZTRADEZ (OPTIONS & STOCKS): 🟢︱🏆top-flow #829352738239414332,TSLA,"ticker and a bare number only - no strike, side or expiry anywhere",signal-room-chat Aug-21-2026.txt,TSLA | 4.65
2026-08-21 09:57:16,2026-08-21,09:57:16,ZTRADEZ (OPTIONS & STOCKS): 🟢︱🏆top-flow #829352738239414332,TSLA,"ticker and a bare number only - no strike, side or expiry anywhere",signal-room-chat Aug-21-2026.txt,TSLA | 4.70
2026-08-21 09:57:16,2026-08-21,09:57:16,ZTRADEZ (OPTIONS & STOCKS): 🟢︱🏆top-flow #829352738239414332,TSLA,"ticker and a bare number only - no strike, side or expiry anywhere",signal-room-chat Aug-21-2026.txt,TSLA | 4.70
2026-08-21 09:58:28,2026-08-21,09:58:28,ZTRADEZ (OPTIONS & STOCKS): 🟢︱🏆top-flow #829352738239414332,TSLA,"ticker and a bare number only - no strike, side or expiry anywhere",signal-room-chat Aug-21-2026.txt,TSLA | 4.80
2026-08-21 09:58:28,2026-08-21,09:58:28,ZTRADEZ (OPTIONS & STOCKS): 🟢︱🏆top-flow #829352738239414332,TSLA,"ticker and a bare number only - no strike, side or expiry anywhere",signal-room-chat Aug-21-2026.txt,TSLA | 4.80
2026-08-21 09:58:54,2026-08-21,09:58:54,ZTRADEZ (OPTIONS & STOCKS): 🟢︱🏆top-flow #829352738239414332,TSLA,"ticker and a bare number only - no strike, side or expiry anywhere",signal-room-chat Aug-21-2026.txt,TSLA | 5.00 OUT ALL BUT 1
2026-08-21 09:58:54,2026-08-21,09:58:54,ZTRADEZ (OPTIONS & STOCKS): 🟢︱🏆top-flow #829352738239414332,TSLA,"ticker and a bare number only - no strike, side or expiry anywhere",signal-room-chat Aug-21-2026.txt,TSLA | 5.00 OUT ALL BUT 1
2026-08-21 09:59:21,2026-08-21,09:59:21,ZTRADEZ (OPTIONS & STOCKS): 🟢︱🏆top-flow #829352738239414332,TSLA,"ticker and a bare number only - no strike, side or expiry anywhere",signal-room-chat Aug-21-2026.txt,TSLA | 5.45
2026-08-21 09:59:21,2026-08-21,09:59:21,ZTRADEZ (OPTIONS & STOCKS): 🟢︱🏆top-flow #829352738239414332,TSLA,"ticker and a bare number only - no strike, side or expiry anywhere",signal-room-chat Aug-21-2026.txt,TSLA | 5.45
2026-08-21 09:59:26,2026-08-21,09:59:26,ZTRADEZ (OPTIONS & STOCKS): 🟢︱🏆top-flow #829352738239414332,TSLA,"ticker and a bare number only - no strike, side or expiry anywhere",signal-room-chat Aug-21-2026.txt,TSLA | 5.80
2026-08-21 09:59:26,2026-08-21,09:59:26,ZTRADEZ (OPTIONS & STOCKS): 🟢︱🏆top-flow #829352738239414332,TSLA,"ticker and a bare number only - no strike, side or expiry anywhere",signal-room-chat Aug-21-2026.txt,TSLA | 5.80
2026-08-21 09:59:39,2026-08-21,09:59:39,ZTRADEZ (OPTIONS & STOCKS): 🟢︱🏆top-flow #829352738239414332,TSLA,"ticker and a bare number only - no strike, side or expiry anywhere",signal-room-chat Aug-21-2026.txt,TSLA | 6.05
2026-08-21 09:59:40,2026-08-21,09:59:40,ZTRADEZ (OPTIONS & STOCKS): 🟢︱🏆top-flow #829352738239414332,TSLA,"ticker and a bare number only - no strike, side or expiry anywhere",signal-room-chat Aug-21-2026.txt,TSLA | 6.05
2026-08-21 09:59:53,2026-08-21,09:59:53,ZTRADEZ (OPTIONS & STOCKS): 🟢︱🏆top-flow #829352738239414332,TSLA,"ticker and a bare number only - no strike, side or expiry anywhere",signal-room-chat Aug-21-2026.txt,TSLA | 6.25
2026-08-21 09:59:53,2026-08-21,09:59:53,ZTRADEZ (OPTIONS & STOCKS): 🟢︱🏆top-flow #829352738239414332,TSLA,"ticker and a bare number only - no strike, side or expiry anywhere",signal-room-chat Aug-21-2026.txt,TSLA | 6.25
2026-08-21 09:59:57,2026-08-21,09:59:57,ZTRADEZ (OPTIONS & STOCKS): 🟢︱🏆top-flow #829352738239414332,TSLA,"ticker and a bare number only - no strike, side or expiry anywhere",signal-room-chat Aug-21-2026.txt,TSLA | 6.35
2026-08-21 09:59:57,2026-08-21,09:59:57,ZTRADEZ (OPTIONS & STOCKS): 🟢︱🏆top-flow #829352738239414332,TSLA,"ticker and a bare number only - no strike, side or expiry anywhere",signal-room-chat Aug-21-2026.txt,TSLA | 6.35
2026-08-21 10:00:29,2026-08-21,10:00:29,ZTRADEZ (OPTIONS & STOCKS): 🟢︱🏆top-flow #829352738239414332,TSLA,"ticker and a bare number only - no strike, side or expiry anywhere",signal-room-chat Aug-21-2026.txt,TSLA | 6.50
2026-08-21 10:00:29,2026-08-21,10:00:29,ZTRADEZ (OPTIONS & STOCKS): 🟢︱🏆top-flow #829352738239414332,TSLA,"ticker and a bare number only - no strike, side or expiry anywhere",signal-room-chat Aug-21-2026.txt,TSLA | 6.50
2026-08-21 10:01:33,2026-08-21,10:01:33,ZTRADEZ (OPTIONS & STOCKS): 🟢︱🏆top-flow #829352738239414332,TSLA,"ticker and a bare number only - no strike, side or expiry anywhere",signal-room-chat Aug-21-2026.txt,TSLA | 6.55
2026-08-21 10:01:34,2026-08-21,10:01:34,ZTRADEZ (OPTIONS & STOCKS): 🟢︱🏆top-flow #829352738239414332,TSLA,"ticker and a bare number only - no strike, side or expiry anywhere",signal-room-chat Aug-21-2026.txt,TSLA | 6.55
2026-08-21 10:01:58,2026-08-21,10:01:58,ZTRADEZ (OPTIONS & STOCKS): 🟢︱🏆top-flow #829352738239414332,TSLA,"ticker and a bare number only - no strike, side or expiry anywhere",signal-room-chat Aug-21-2026.txt,TSLA | 6.70
2026-08-21 10:01:58,2026-08-21,10:01:58,ZTRADEZ (OPTIONS & STOCKS): 🟢︱🏆top-flow #829352738239414332,TSLA,"ticker and a bare number only - no strike, side or expiry anywhere",signal-room-chat Aug-21-2026.txt,TSLA | 6.70
2026-08-21 10:02:35,2026-08-21,10:02:35,Honey Drip Network 🍯💰📈: 👑｜aristotle-trades #987515353670221834,👑KingBeeAri🐝,reads like an entry (ticker C + buy wording) but no strike/side pair could be read out of the text,signal-room-chat Aug-21-2026.txt,I also got in from breakout alerts @here the 355 C
2026-08-21 10:04:00,2026-08-21,10:04:00,ZTRADEZ (OPTIONS & STOCKS): 🟢︱🏆top-flow #829352738239414332,TSLA,"ticker and a bare number only - no strike, side or expiry anywhere",signal-room-chat Aug-21-2026.txt,TSLA | 6.85
2026-08-21 10:04:01,2026-08-21,10:04:01,ZTRADEZ (OPTIONS & STOCKS): 🟢︱🏆top-flow #829352738239414332,TSLA,"ticker and a bare number only - no strike, side or expiry anywhere",signal-room-chat Aug-21-2026.txt,TSLA | 6.85
2026-08-21 10:04:17,2026-08-21,10:04:17,ZTRADEZ (OPTIONS & STOCKS): 🟢︱🏆top-flow #829352738239414332,TSLA,"ticker and a bare number only - no strike, side or expiry anywhere",signal-room-chat Aug-21-2026.txt,TSLA | 7.00
2026-08-21 10:04:17,2026-08-21,10:04:17,ZTRADEZ (OPTIONS & STOCKS): 🟢︱🏆top-flow #829352738239414332,TSLA,"ticker and a bare number only - no strike, side or expiry anywhere",signal-room-chat Aug-21-2026.txt,TSLA | 7.00
2026-08-21 10:04:25,2026-08-21,10:04:25,ZTRADEZ (OPTIONS & STOCKS): 🟢︱🏆top-flow #829352738239414332,TSLA,"ticker and a bare number only - no strike, side or expiry anywhere",signal-room-chat Aug-21-2026.txt,TSLA | 7.10
2026-08-21 10:04:25,2026-08-21,10:04:25,ZTRADEZ (OPTIONS & STOCKS): 🟢︱🏆top-flow #829352738239414332,TSLA,"ticker and a bare number only - no strike, side or expiry anywhere",signal-room-chat Aug-21-2026.txt,TSLA | 7.10
2026-08-21 10:06:08,2026-08-21,10:06:08,ZTRADEZ (OPTIONS & STOCKS): 🟢︱🏆top-flow #829352738239414332,TSLA,"ticker and a bare number only - no strike, side or expiry anywhere",signal-room-chat Aug-21-2026.txt,TSLA | 7.90 Ok now it may be ready for puts
2026-08-21 10:06:08,2026-08-21,10:06:08,ZTRADEZ (OPTIONS & STOCKS): 🟢︱🏆top-flow #829352738239414332,TSLA,"ticker and a bare number only - no strike, side or expiry anywhere",signal-room-chat Aug-21-2026.txt,TSLA | 7.90 Ok now it may be ready for puts
2026-08-21 10:06:49,2026-08-21,10:06:49,ZTRADEZ (OPTIONS & STOCKS): 🟢︱🏆top-flow #829352738239414332,TSLA,"ticker and a bare number only - no strike, side or expiry anywhere",signal-room-chat Aug-21-2026.txt,TSLA | 8.50
2026-08-21 10:06:49,2026-08-21,10:06:49,ZTRADEZ (OPTIONS & STOCKS): 🟢︱🏆top-flow #829352738239414332,TSLA,"ticker and a bare number only - no strike, side or expiry anywhere",signal-room-chat Aug-21-2026.txt,TSLA | 8.50
2026-08-21 10:09:33,2026-08-21,10:09:33,ZTRADEZ (OPTIONS & STOCKS): 🟢︱🏆top-flow #829352738239414332,TSLA,"ticker and a bare number only - no strike, side or expiry anywhere",signal-room-chat Aug-21-2026.txt,TSLA | 9.00
2026-08-21 10:09:33,2026-08-21,10:09:33,ZTRADEZ (OPTIONS & STOCKS): 🟢︱🏆top-flow #829352738239414332,TSLA,"ticker and a bare number only - no strike, side or expiry anywhere",signal-room-chat Aug-21-2026.txt,TSLA | 9.00
2026-08-21 12:22:48,2026-08-21,12:22:48,ZTRADEZ (OPTIONS & STOCKS): 🔸︱🦺kumo-debit #862419656382873650,KuMo Bot,reads like an entry (ticker JACK + buy wording) but no strike/side pair could be read out of the text,signal-room-chat Aug-21-2026.txt,"@everyone Update JACK re-entry position 08/21/26 $22.5 Call will expire worthless today. Solely for informational purposes, not an investment advice @Ku67985848 - For Educational purposes only!"
2026-08-21 13:00:30,2026-08-21,13:00:30,ZTRADEZ (OPTIONS & STOCKS): 🟢︱🏆top-flow #829352738239414332,TSLA,"ticker and a bare number only - no strike, side or expiry anywhere",signal-room-chat Aug-21-2026.txt,TSLA | 11.50
2026-08-24 09:34:02,2026-08-24,09:34:02,ZTRADEZ (OPTIONS & STOCKS): 🟢︱🏆top-flow #829352738239414332,SNDK,"ticker and a bare number only - no strike, side or expiry anywhere",signal-room-chat Aug-24-2026.txt,SNDK | 43.00
2026-08-24 09:34:02,2026-08-24,09:34:02,ZTRADEZ (OPTIONS & STOCKS): 🟢︱🏆top-flow #829352738239414332,SNDK,"ticker and a bare number only - no strike, side or expiry anywhere",signal-room-chat Aug-24-2026.txt,SNDK | 43.00
2026-08-24 09:34:33,2026-08-24,09:34:33,ZTRADEZ (OPTIONS & STOCKS): 🟢︱🏆top-flow #829352738239414332,SNDK,"ticker and a bare number only - no strike, side or expiry anywhere",signal-room-chat Aug-24-2026.txt,SNDK | 44.00
2026-08-24 09:34:33,2026-08-24,09:34:33,ZTRADEZ (OPTIONS & STOCKS): 🟢︱🏆top-flow #829352738239414332,SNDK,"ticker and a bare number only - no strike, side or expiry anywhere",signal-room-chat Aug-24-2026.txt,SNDK | 44.00
2026-08-24 09:40:06,2026-08-24,09:40:06,ZTRADEZ (OPTIONS & STOCKS): 🟢︱🏆top-flow #829352738239414332,SNDK,"ticker and a bare number only - no strike, side or expiry anywhere",signal-room-chat Aug-24-2026.txt,SNDK | 38.20
2026-08-24 09:40:06,2026-08-24,09:40:06,ZTRADEZ (OPTIONS & STOCKS): 🟢︱🏆top-flow #829352738239414332,SNDK,"ticker and a bare number only - no strike, side or expiry anywhere",signal-room-chat Aug-24-2026.txt,"SNDK | 38.20 bullwinkle0001000 , 1438 BREAK 36.50"
2026-08-24 09:40:14,2026-08-24,09:40:14,ZTRADEZ (OPTIONS & STOCKS): 🟢︱🏆top-flow #829352738239414332,SNDK,"ticker and a bare number only - no strike, side or expiry anywhere",signal-room-chat Aug-24-2026.txt,SNDK | 39.00
2026-08-24 09:40:14,2026-08-24,09:40:14,ZTRADEZ (OPTIONS & STOCKS): 🟢︱🏆top-flow #829352738239414332,SNDK,"ticker and a bare number only - no strike, side or expiry anywhere",signal-room-chat Aug-24-2026.txt,SNDK | 39.00
2026-08-24 11:00:39,2026-08-24,11:00:39,ZTRADEZ (OPTIONS & STOCKS): 🟢︱🏆top-flow #829352738239414332,SNDK,"ticker and a bare number only - no strike, side or expiry anywhere",signal-room-chat Aug-24-2026.txt,SNDK | 39.40
2026-08-24 11:33:54,2026-08-24,11:33:54,ZTRADEZ (OPTIONS & STOCKS): 🟢︱🏆top-flow #829352738239414332,SNDK,"ticker and a bare number only - no strike, side or expiry anywhere",signal-room-chat Aug-24-2026.txt,SNDK | 41.80
2026-08-24 11:33:55,2026-08-24,11:33:55,ZTRADEZ (OPTIONS & STOCKS): 🟢︱🏆top-flow #829352738239414332,SNDK,"ticker and a bare number only - no strike, side or expiry anywhere",signal-room-chat Aug-24-2026.txt,SNDK | 41.80
2026-08-24 11:34:02,2026-08-24,11:34:02,ZTRADEZ (OPTIONS & STOCKS): 🟢︱🏆top-flow #829352738239414332,SNDK,"ticker and a bare number only - no strike, side or expiry anywhere",signal-room-chat Aug-24-2026.txt,SNDK | 42.00
2026-08-24 11:34:02,2026-08-24,11:34:02,ZTRADEZ (OPTIONS & STOCKS): 🟢︱🏆top-flow #829352738239414332,SNDK,"ticker and a bare number only - no strike, side or expiry anywhere",signal-room-chat Aug-24-2026.txt,SNDK | 42.00
2026-08-24 11:34:10,2026-08-24,11:34:10,ZTRADEZ (OPTIONS & STOCKS): 🟢︱🏆top-flow #829352738239414332,SNDK,"ticker and a bare number only - no strike, side or expiry anywhere",signal-room-chat Aug-24-2026.txt,SNDK | 42.40
2026-08-24 11:34:10,2026-08-24,11:34:10,ZTRADEZ (OPTIONS & STOCKS): 🟢︱🏆top-flow #829352738239414332,SNDK,"ticker and a bare number only - no strike, side or expiry anywhere",signal-room-chat Aug-24-2026.txt,SNDK | 42.40
2026-08-24 11:38:31,2026-08-24,11:38:31,ZTRADEZ (OPTIONS & STOCKS): 🟢︱🏆top-flow #829352738239414332,SNDK,"ticker and a bare number only - no strike, side or expiry anywhere",signal-room-chat Aug-24-2026.txt,SNDK | 45.10
2026-08-24 11:38:31,2026-08-24,11:38:31,ZTRADEZ (OPTIONS & STOCKS): 🟢︱🏆top-flow #829352738239414332,SNDK,"ticker and a bare number only - no strike, side or expiry anywhere",signal-room-chat Aug-24-2026.txt,SNDK | 45.10
2026-08-24 11:40:41,2026-08-24,11:40:41,ZTRADEZ (OPTIONS & STOCKS): 🟢︱🏆top-flow #829352738239414332,SNDK,"ticker and a bare number only - no strike, side or expiry anywhere",signal-room-chat Aug-24-2026.txt,SNDK | 46.00
2026-08-24 11:40:42,2026-08-24,11:40:42,ZTRADEZ (OPTIONS & STOCKS): 🟢︱🏆top-flow #829352738239414332,SNDK,"ticker and a bare number only - no strike, side or expiry anywhere",signal-room-chat Aug-24-2026.txt,SNDK | 46.00
2026-08-24 11:41:21,2026-08-24,11:41:21,ZTRADEZ (OPTIONS & STOCKS): 🟢︱🏆top-flow #829352738239414332,SNDK,"ticker and a bare number only - no strike, side or expiry anywhere",signal-room-chat Aug-24-2026.txt,SNDK | 48.00
2026-08-24 11:41:21,2026-08-24,11:41:21,ZTRADEZ (OPTIONS & STOCKS): 🟢︱🏆top-flow #829352738239414332,SNDK,"ticker and a bare number only - no strike, side or expiry anywhere",signal-room-chat Aug-24-2026.txt,SNDK | 48.00
2026-08-24 11:47:42,2026-08-24,11:47:42,ZTRADEZ (OPTIONS & STOCKS): 🟢︱🏆top-flow #829352738239414332,SNDK,"ticker and a bare number only - no strike, side or expiry anywhere",signal-room-chat Aug-24-2026.txt,SNDK | 52.00
2026-08-24 11:47:42,2026-08-24,11:47:42,ZTRADEZ (OPTIONS & STOCKS): 🟢︱🏆top-flow #829352738239414332,SNDK,"ticker and a bare number only - no strike, side or expiry anywhere",signal-room-chat Aug-24-2026.txt,SNDK | 52.00
2026-08-24 13:25:48,2026-08-24,13:25:48,ZTRADEZ (OPTIONS & STOCKS): 🟢︱🏆top-flow #829352738239414332,SNDK,"ticker and a bare number only - no strike, side or expiry anywhere",signal-room-chat Aug-24-2026.txt,SNDK | 67.00 Was The Peak Earlier
2026-08-24 13:25:48,2026-08-24,13:25:48,ZTRADEZ (OPTIONS & STOCKS): 🟢︱🏆top-flow #829352738239414332,SNDK,"ticker and a bare number only - no strike, side or expiry anywhere",signal-room-chat Aug-24-2026.txt,SNDK | 67.00 Was The Peak Earlier
2026-08-25 09:41:02,2026-08-25,09:41:02,ZTRADEZ (OPTIONS & STOCKS): 🟢︱🏆top-flow #829352738239414332,AMD,"ticker and a bare number only - no strike, side or expiry anywhere",signal-room-chat Aug-25-2026.txt,AMD | 5.95 OUT HALF
2026-08-25 09:41:02,2026-08-25,09:41:02,ZTRADEZ (OPTIONS & STOCKS): 🟢︱🏆top-flow #829352738239414332,AMD,"ticker and a bare number only - no strike, side or expiry anywhere",signal-room-chat Aug-25-2026.txt,"AMD | 5.95 OUT HALF bullwinkle0001000 , AMD ENTRY WILL BE 5.15"
2026-08-25 09:45:26,2026-08-25,09:45:26,ZTRADEZ (OPTIONS & STOCKS): 🟢︱🏆top-flow #829352738239414332,NVDA,"ticker and a bare number only - no strike, side or expiry anywhere",signal-room-chat Aug-25-2026.txt,NVDA | 3.60
2026-08-25 09:47:18,2026-08-25,09:47:18,ZTRADEZ (OPTIONS & STOCKS): 🟢︱🏆top-flow #829352738239414332,NVDA,"ticker and a bare number only - no strike, side or expiry anywhere",signal-room-chat Aug-25-2026.txt,NVDA | 3.75
2026-08-25 09:48:35,2026-08-25,09:48:35,ZTRADEZ (OPTIONS & STOCKS): 🟢︱🏆top-flow #829352738239414332,NVDA,"ticker and a bare number only - no strike, side or expiry anywhere",signal-room-chat Aug-25-2026.txt,NVDA | 3.80
2026-08-25 09:48:41,2026-08-25,09:48:41,ZTRADEZ (OPTIONS & STOCKS): 🟢︱🏆top-flow #829352738239414332,NVDA,"ticker and a bare number only - no strike, side or expiry anywhere",signal-room-chat Aug-25-2026.txt,NVDA | 3.85
2026-08-25 09:49:40,2026-08-25,09:49:40,ZTRADEZ (OPTIONS & STOCKS): 🟢︱🏆top-flow #829352738239414332,NVDA,"ticker and a bare number only - no strike, side or expiry anywhere",signal-room-chat Aug-25-2026.txt,NVDA | 4.05
2026-08-25 09:59:27,2026-08-25,09:59:27,Honey Drip Network 🍯💰📈: 👑｜aristotle-trades #987515353670221834,👑KingBeeAri🐝,reads like an entry (ticker C + buy wording) but no strike/side pair could be read out of the text,signal-room-chat Aug-25-2026.txt,I’m in 80 C 9/18s for uber
2026-08-26 09:46:50,2026-08-26,09:46:50,ZTRADEZ (OPTIONS & STOCKS): 🟢︱🏆top-flow #829352738239414332,TSLA,"ticker and a bare number only - no strike, side or expiry anywhere",signal-room-chat Aug-26-2026.txt,TSLA | 5.20
2026-08-26 09:46:51,2026-08-26,09:46:51,ZTRADEZ (OPTIONS & STOCKS): 🟢︱🏆top-flow #829352738239414332,TSLA,"ticker and a bare number only - no strike, side or expiry anywhere",signal-room-chat Aug-26-2026.txt,TSLA | 5.20
2026-08-26 09:49:28,2026-08-26,09:49:28,ZTRADEZ (OPTIONS & STOCKS): 🟢︱🏆top-flow #829352738239414332,TSLA,"ticker and a bare number only - no strike, side or expiry anywhere",signal-room-chat Aug-26-2026.txt,TSLA | 5.25
2026-08-26 09:49:29,2026-08-26,09:49:29,ZTRADEZ (OPTIONS & STOCKS): 🟢︱🏆top-flow #829352738239414332,TSLA,"ticker and a bare number only - no strike, side or expiry anywhere",signal-room-chat Aug-26-2026.txt,TSLA | 5.25
2026-08-26 09:49:34,2026-08-26,09:49:34,ZTRADEZ (OPTIONS & STOCKS): 🟢︱🏆top-flow #829352738239414332,TSLA,"ticker and a bare number only - no strike, side or expiry anywhere",signal-room-chat Aug-26-2026.txt,TSLA | 5.40
2026-08-26 09:49:34,2026-08-26,09:49:34,ZTRADEZ (OPTIONS & STOCKS): 🟢︱🏆top-flow #829352738239414332,TSLA,"ticker and a bare number only - no strike, side or expiry anywhere",signal-room-chat Aug-26-2026.txt,TSLA | 5.40
2026-08-26 09:49:50,2026-08-26,09:49:50,ZTRADEZ (OPTIONS & STOCKS): 🟢︱🏆top-flow #829352738239414332,TSLA,"ticker and a bare number only - no strike, side or expiry anywhere",signal-room-chat Aug-26-2026.txt,TSLA | 5.55
2026-08-26 09:49:50,2026-08-26,09:49:50,ZTRADEZ (OPTIONS & STOCKS): 🟢︱🏆top-flow #829352738239414332,TSLA,"ticker and a bare number only - no strike, side or expiry anywhere",signal-room-chat Aug-26-2026.txt,TSLA | 5.55
2026-08-26 09:50:00,2026-08-26,09:50:00,ZTRADEZ (OPTIONS & STOCKS): 🟢︱🏆top-flow #829352738239414332,TSLA,"ticker and a bare number only - no strike, side or expiry anywhere",signal-room-chat Aug-26-2026.txt,TSLA | 5.60
2026-08-26 09:50:10,2026-08-26,09:50:10,ZTRADEZ (OPTIONS & STOCKS): 🟢︱🏆top-flow #829352738239414332,TSLA,"ticker and a bare number only - no strike, side or expiry anywhere",signal-room-chat Aug-26-2026.txt,TSLA | 5.70
2026-08-26 09:50:11,2026-08-26,09:50:11,ZTRADEZ (OPTIONS & STOCKS): 🟢︱🏆top-flow #829352738239414332,TSLA,"ticker and a bare number only - no strike, side or expiry anywhere",signal-room-chat Aug-26-2026.txt,TSLA | 5.70
2026-08-26 09:50:21,2026-08-26,09:50:21,ZTRADEZ (OPTIONS & STOCKS): 🟢︱🏆top-flow #829352738239414332,TSLA,"ticker and a bare number only - no strike, side or expiry anywhere",signal-room-chat Aug-26-2026.txt,TSLA | 5.75
2026-08-26 09:50:21,2026-08-26,09:50:21,ZTRADEZ (OPTIONS & STOCKS): 🟢︱🏆top-flow #829352738239414332,TSLA,"ticker and a bare number only - no strike, side or expiry anywhere",signal-room-chat Aug-26-2026.txt,TSLA | 5.75
2026-08-26 09:50:48,2026-08-26,09:50:48,ZTRADEZ (OPTIONS & STOCKS): 🟢︱🏆top-flow #829352738239414332,TSLA,"ticker and a bare number only - no strike, side or expiry anywhere",signal-room-chat Aug-26-2026.txt,TSLA | 5.90
2026-08-26 09:50:48,2026-08-26,09:50:48,ZTRADEZ (OPTIONS & STOCKS): 🟢︱🏆top-flow #829352738239414332,TSLA,"ticker and a bare number only - no strike, side or expiry anywhere",signal-room-chat Aug-26-2026.txt,TSLA | 5.90
2026-08-26 09:50:58,2026-08-26,09:50:58,ZTRADEZ (OPTIONS & STOCKS): 🟢︱🏆top-flow #829352738239414332,TSLA,"ticker and a bare number only - no strike, side or expiry anywhere",signal-room-chat Aug-26-2026.txt,TSLA | 6.10
2026-08-26 09:50:59,2026-08-26,09:50:59,ZTRADEZ (OPTIONS & STOCKS): 🟢︱🏆top-flow #829352738239414332,TSLA,"ticker and a bare number only - no strike, side or expiry anywhere",signal-room-chat Aug-26-2026.txt,TSLA | 6.10
2026-08-26 09:51:04,2026-08-26,09:51:04,ZTRADEZ (OPTIONS & STOCKS): 🟢︱🏆top-flow #829352738239414332,TSLA,"ticker and a bare number only - no strike, side or expiry anywhere",signal-room-chat Aug-26-2026.txt,TSLA | 6.15
2026-08-26 09:51:04,2026-08-26,09:51:04,ZTRADEZ (OPTIONS & STOCKS): 🟢︱🏆top-flow #829352738239414332,TSLA,"ticker and a bare number only - no strike, side or expiry anywhere",signal-room-chat Aug-26-2026.txt,TSLA | 6.15
2026-08-26 09:51:18,2026-08-26,09:51:18,ZTRADEZ (OPTIONS & STOCKS): 🟢︱🏆top-flow #829352738239414332,TSLA,"ticker and a bare number only - no strike, side or expiry anywhere",signal-room-chat Aug-26-2026.txt,TSLA | 6.30
2026-08-26 09:51:18,2026-08-26,09:51:18,ZTRADEZ (OPTIONS & STOCKS): 🟢︱🏆top-flow #829352738239414332,TSLA,"ticker and a bare number only - no strike, side or expiry anywhere",signal-room-chat Aug-26-2026.txt,TSLA | 6.30
2026-08-27 13:32:22,2026-08-27,13:32:22,ZTRADEZ (OPTIONS & STOCKS): 🟢︱🏆top-flow #829352738239414332,NVDA,"ticker and a bare number only - no strike, side or expiry anywhere",signal-room-chat Aug-27-2026.txt,NVDA | 2.75
2026-08-27 13:51:31,2026-08-27,13:51:31,ZTRADEZ (OPTIONS & STOCKS): ◽︱♟market-bishop #1239624229583061052,The Pawn (The Market Bishop),"equity-style message but 5 tickers in it (COPX,CDE,SHOP,MSFT,QCOM) - cannot tell which one is the trade",signal-room-chat Aug-27-2026.txt,"@everyone Bishop's Ideas Yeah something urgent came up, I wont be on between 2-5pm EST so these are the swings I will be taking The COPX, CDE, and SHOP positions were all ones I posted before and never exited yet (obviously I took MSFT rn) QCOM if just an equity position on the small account challenge Please manage your own risk, if you dont believe the swings we have look good at close, go according to that versus me still holding them as I will not be able to look at my charts between now and 5pm EST Gooduck, I will post the charts for these trades in the evening How I Trade The Market Bishop Trade Idea's Disclaimer Twitter: @TheMarketBishop | I want to be the greatest•Today at 1:51 PM Twitter: @TheMarketBishop | I want to be the greatest•Today at 1:51 PM •"
2026-08-28 11:55:32,2026-08-28,11:55:32,ZTRADEZ (OPTIONS & STOCKS): 🔸︱🦺kumo-debit #862419656382873650,KuMo Bot,reads like an entry (ticker MRK + buy wording) but no strike/side pair could be read out of the text,signal-room-chat Aug-28-2026.txt,"@everyone Update MRK down today and took the opportunity to add some more to 10/16/26 $155/$160 Call Debit Spread. Solely for informational purposes, not an investment advice @Ku67985848 - For Educational purposes only!"
2026-08-28 16:12:18,2026-08-28,16:12:18,ZTRADEZ (OPTIONS & STOCKS): 🔸︱🅰adex-swings #1179200811650252850,AdexTrades Alert Bot,"equity-style message but 3 tickers in it (DIA,LEN,SPY) - cannot tell which one is the trade",signal-room-chat Aug-28-2026.txt,"Unrealized: $DIA, $LEN It's been SLOW in terms of alerts and apologies on the trades that are down, I will let you know if they invalidate. These past couple of weeks have been a tough trading environment but I've been around long enough (I think) to know when it's time to put your foot on the gas. $SPY being inside on the 2W should be obvious. There's a reason why premiums are being chopped up and it's a stock pickers/day traders/scalpers market. The market WILL move again, and (I think) I've been around long enough to also know that. The time to put your foot on the gas will be back, you just need to stay patient. Until then we continue to LEARN & CHART. We got some things planned for next month. Have a great weekend @@everyone"
2026-09-01 11:05:57,2026-09-01,11:05:57,Platinum Trading: 🟣│day-trades #1086120203009658982,PT | Blue Collar Trades,"reads like an entry (ticker C,SETUP,SPY + buy wording) but no strike/side pair could be read out of the text",signal-room-chat Sep-10-2026 (discord).txt,Challenge Account LONG SETUP Ticker: SPY Contract: 764 C Entry Zone: .50 Risk: 20% Stop TP1: 20% TP2: 763.93 @Options Scalps
2026-09-01 15:57:20,2026-09-01,15:57:20,ZTRADEZ (OPTIONS & STOCKS): ◽︱🎯cranmer #1332090335005900800,cranmer00,"reads like an entry (ticker BAC,VP + buy wording) but no strike/side pair could be read out of the text",signal-room-chat Sep-10-2026 (discord).txt,"buy BAC sep 18th 61$ put for .83 (just buying because VP death, Not a tech play) and hedge @everyone"
2026-09-02 09:49:54,2026-09-02,09:49:54,ZTRADEZ (OPTIONS & STOCKS): ◽︱all-trades-mashup #1334236429655740457,NVDA,"ticker and a bare number only - no strike, side or expiry anywhere",signal-room-chat Sep-10-2026 (discord).txt,NVDA | 2.17
2026-09-02 09:50:27,2026-09-02,09:50:27,ZTRADEZ (OPTIONS & STOCKS): ◽︱all-trades-mashup #1334236429655740457,NVDA,"ticker and a bare number only - no strike, side or expiry anywhere",signal-room-chat Sep-10-2026 (discord).txt,NVDA | 2.22
2026-09-02 09:56:51,2026-09-02,09:56:51,ZTRADEZ (OPTIONS & STOCKS): ◽︱all-trades-mashup #1334236429655740457,NVDA,"ticker and a bare number only - no strike, side or expiry anywhere",signal-room-chat Sep-10-2026 (discord).txt,NVDA | 2.24
2026-09-02 10:00:03,2026-09-02,10:00:03,ZTRADEZ (OPTIONS & STOCKS): ◽︱all-trades-mashup #1334236429655740457,NVDA,"ticker and a bare number only - no strike, side or expiry anywhere",signal-room-chat Sep-10-2026 (discord).txt,NVDA | 2.72
2026-09-02 10:00:54,2026-09-02,10:00:54,ZTRADEZ (OPTIONS & STOCKS): ◽︱all-trades-mashup #1334236429655740457,NVDA,"ticker and a bare number only - no strike, side or expiry anywhere",signal-room-chat Sep-10-2026 (discord).txt,NVDA | 2.90
2026-09-02 10:05:35,2026-09-02,10:05:35,ZTRADEZ (OPTIONS & STOCKS): ◽︱all-trades-mashup #1334236429655740457,AMD,"ticker and a bare number only - no strike, side or expiry anywhere",signal-room-chat Sep-10-2026 (discord).txt,AMD | 12.00
2026-09-02 10:06:00,2026-09-02,10:06:00,ZTRADEZ (OPTIONS & STOCKS): ◽︱all-trades-mashup #1334236429655740457,AMD,"ticker and a bare number only - no strike, side or expiry anywhere",signal-room-chat Sep-10-2026 (discord).txt,AMD | 12.25
2026-09-02 10:07:28,2026-09-02,10:07:28,ZTRADEZ (OPTIONS & STOCKS): ◽︱all-trades-mashup #1334236429655740457,AMD,"ticker and a bare number only - no strike, side or expiry anywhere",signal-room-chat Sep-10-2026 (discord).txt,AMD | 12.70
2026-09-02 10:10:08,2026-09-02,10:10:08,ZTRADEZ (OPTIONS & STOCKS): ◽︱all-trades-mashup #1334236429655740457,NVDA,"ticker and a bare number only - no strike, side or expiry anywhere",signal-room-chat Sep-10-2026 (discord).txt,NVDA | 3.05
2026-09-02 10:10:29,2026-09-02,10:10:29,ZTRADEZ (OPTIONS & STOCKS): ◽︱all-trades-mashup #1334236429655740457,AMD,"ticker and a bare number only - no strike, side or expiry anywhere",signal-room-chat Sep-10-2026 (discord).txt,AMD | 12.95
2026-09-02 10:10:46,2026-09-02,10:10:46,ZTRADEZ (OPTIONS & STOCKS): ◽︱all-trades-mashup #1334236429655740457,AMD,"ticker and a bare number only - no strike, side or expiry anywhere",signal-room-chat Sep-10-2026 (discord).txt,AMD | 13.20
2026-09-02 10:18:25,2026-09-02,10:18:25,ZTRADEZ (OPTIONS & STOCKS): ◽︱all-trades-mashup #1334236429655740457,AMD,"ticker and a bare number only - no strike, side or expiry anywhere",signal-room-chat Sep-10-2026 (discord).txt,AMD | 13.65
2026-09-02 10:18:54,2026-09-02,10:18:54,ZTRADEZ (OPTIONS & STOCKS): ◽︱all-trades-mashup #1334236429655740457,AMD,"ticker and a bare number only - no strike, side or expiry anywhere",signal-room-chat Sep-10-2026 (discord).txt,AMD | 13.85
2026-09-02 10:22:25,2026-09-02,10:22:25,ZTRADEZ (OPTIONS & STOCKS): ◽︱all-trades-mashup #1334236429655740457,AMD,"ticker and a bare number only - no strike, side or expiry anywhere",signal-room-chat Sep-10-2026 (discord).txt,AMD | 14.20
2026-09-02 10:24:14,2026-09-02,10:24:14,ZTRADEZ (OPTIONS & STOCKS): ◽︱all-trades-mashup #1334236429655740457,AMD,"ticker and a bare number only - no strike, side or expiry anywhere",signal-room-chat Sep-10-2026 (discord).txt,AMD | 14.60
2026-09-02 10:34:35,2026-09-02,10:34:35,ZTRADEZ (OPTIONS & STOCKS): ◽︱all-trades-mashup #1334236429655740457,AMD,"ticker and a bare number only - no strike, side or expiry anywhere",signal-room-chat Sep-10-2026 (discord).txt,AMD | 15.00
2026-09-02 10:43:51,2026-09-02,10:43:51,ZTRADEZ (OPTIONS & STOCKS): ◽︱all-trades-mashup #1334236429655740457,NVDA,"ticker and a bare number only - no strike, side or expiry anywhere",signal-room-chat Sep-10-2026 (discord).txt,NVDA | 3.60
2026-09-02 13:41:23,2026-09-02,13:41:23,Low Key Stonks: 🧱brick-longterm-alerts #1415031628727849051,BRICK [I will never DM you]🧱,"equity-style message but 6 tickers in it (CRDO,CRDO,CRDO,CRDO,CRDO,SPCX) - cannot tell which one is the trade",signal-room-chat Sep-10-2026 (discord).txt,"CRDO @Brick Alerts added 200x shares @ 162 This is now a top 5 position for me $CRDO is down -40% in 2 weeks and -20% after great earnings today. This move is more so expectations already priced to perfection and time to reset. $CRDO raised full year FY2027 revenue guidance to ""at least 85%"" $CRDO gave FY2027 Q2 revenue guidance of $525-535M, for this exercise we'll assume they beat the high end of the range by $10M so we'll put Q2 at $545M 85% revenue growth in FY2027 puts full year revenues at $2.469B One thing to note is while they beat, the size of the beats have been getting smaller CRDO risk is the have big customer concentration in hyperscaler + SPCX who is a huge customer for their datacenter buildout"
2026-09-03 09:44:02,2026-09-03,09:44:02,ZTRADEZ (OPTIONS & STOCKS): ◽︱all-trades-mashup #1334236429655740457,TSLA,"ticker and a bare number only - no strike, side or expiry anywhere",signal-room-chat Sep-10-2026 (discord).txt,TSLA | 3.50
2026-09-03 09:45:12,2026-09-03,09:45:12,ZTRADEZ (OPTIONS & STOCKS): ◽︱all-trades-mashup #1334236429655740457,TSLA,"ticker and a bare number only - no strike, side or expiry anywhere",signal-room-chat Sep-10-2026 (discord).txt,TSLA | 3.75
2026-09-03 09:45:36,2026-09-03,09:45:36,ZTRADEZ (OPTIONS & STOCKS): ◽︱all-trades-mashup #1334236429655740457,TSLA,"ticker and a bare number only - no strike, side or expiry anywhere",signal-room-chat Sep-10-2026 (discord).txt,TSLA | 3.80
2026-09-03 09:46:38,2026-09-03,09:46:38,ZTRADEZ (OPTIONS & STOCKS): ◽︱all-trades-mashup #1334236429655740457,TSLA,"ticker and a bare number only - no strike, side or expiry anywhere",signal-room-chat Sep-10-2026 (discord).txt,TSLA | 3.95
2026-09-03 09:46:46,2026-09-03,09:46:46,ZTRADEZ (OPTIONS & STOCKS): ◽︱all-trades-mashup #1334236429655740457,TSLA,"ticker and a bare number only - no strike, side or expiry anywhere",signal-room-chat Sep-10-2026 (discord).txt,TSLA | 4.05
2026-09-03 09:47:29,2026-09-03,09:47:29,ZTRADEZ (OPTIONS & STOCKS): 🟢︱🏆top-flow #829352738239414332,TSLA,"ticker and a bare number only - no strike, side or expiry anywhere",signal-room-chat Sep-10-2026 (discord).txt,TSLA | 4.
2026-09-03 09:47:29,2026-09-03,09:47:29,ZTRADEZ (OPTIONS & STOCKS): ◽︱all-trades-mashup #1334236429655740457,TSLA,"ticker and a bare number only - no strike, side or expiry anywhere",signal-room-chat Sep-10-2026 (discord).txt,TSLA | 4.30
2026-09-03 09:47:35,2026-09-03,09:47:35,ZTRADEZ (OPTIONS & STOCKS): ◽︱all-trades-mashup #1334236429655740457,TSLA,"ticker and a bare number only - no strike, side or expiry anywhere",signal-room-chat Sep-10-2026 (discord).txt,TSLA | 4.35
2026-09-03 09:49:09,2026-09-03,09:49:09,ZTRADEZ (OPTIONS & STOCKS): ◽︱all-trades-mashup #1334236429655740457,TSLA,"ticker and a bare number only - no strike, side or expiry anywhere",signal-room-chat Sep-10-2026 (discord).txt,TSLA | 4.50
2026-09-03 09:49:15,2026-09-03,09:49:15,ZTRADEZ (OPTIONS & STOCKS): ◽︱all-trades-mashup #1334236429655740457,TSLA,"ticker and a bare number only - no strike, side or expiry anywhere",signal-room-chat Sep-10-2026 (discord).txt,TSLA | 4.60
2026-09-03 09:52:02,2026-09-03,09:52:02,ZTRADEZ (OPTIONS & STOCKS): 🟢︱🏆top-flow #829352738239414332,TSLA,"ticker and a bare number only - no strike, side or expiry anywhere",signal-room-chat Sep-10-2026 (discord).txt,TSLA | 4.80
2026-09-03 09:52:03,2026-09-03,09:52:03,ZTRADEZ (OPTIONS & STOCKS): ◽︱all-trades-mashup #1334236429655740457,TSLA,"ticker and a bare number only - no strike, side or expiry anywhere",signal-room-chat Sep-10-2026 (discord).txt,TSLA | 4.80
2026-09-03 10:57:31,2026-09-03,10:57:31,ZTRADEZ (OPTIONS & STOCKS): ◽︱all-trades-mashup #1334236429655740457,TSLA,"ticker and a bare number only - no strike, side or expiry anywhere",signal-room-chat Sep-10-2026 (discord).txt,TSLA | 5.00
2026-09-03 11:12:25,2026-09-03,11:12:25,ZTRADEZ (OPTIONS & STOCKS): ◽︱all-trades-mashup #1334236429655740457,TSLA,"ticker and a bare number only - no strike, side or expiry anywhere",signal-room-chat Sep-10-2026 (discord).txt,TSLA | 5.40
2026-09-03 11:33:10,2026-09-03,11:33:10,ZTRADEZ (OPTIONS & STOCKS): ◽︱all-trades-mashup #1334236429655740457,ZTRADEZ Manager,reads like an entry (ticker C + buy wording) but no strike/side pair could be read out of the text,signal-room-chat Sep-10-2026 (discord).txt,@Namrood-Bot 💎 PREMIUM ALERT 💎 PREMIUM ALERT Idea WATCH $C PUTS @Namrood - Live trades dashboard @ZTRADEZ (OPTIONS & STOCKS) | Thursday - 09-03-2026 11:33 AM EST @ZTRADEZ (OPTIONS & STOCKS) | Thursday - 09-03-2026 11:33 AM EST
2026-09-08 11:43:57,2026-09-08,11:43:57,Honey Drip Network 🍯💰📈: 👑｜aristotle-trades #987515353670221834,👑KingBeeAri🐝,reads like an entry (ticker C + buy wording) but no strike/side pair could be read out of the text,signal-room-chat Sep-10-2026 (discord).txt,I’m back in BE 300 C 9/11 @here lottos
2026-09-08 19:00:28,2026-09-08,19:00:28,Low Key Stonks: 👄trading-floor #796454858760650762,LKS Digest Bot,"equity-style message but 13 tickers in it (INTC,MU,QQQ,TSLA,NVDA,CRWV) - cannot tell which one is the trade",signal-room-chat Sep-10-2026 (discord).txt,"─── LKS Market Close Full-Day Recap Digest | Tuesday, September 08, 2026 Market Overview The market experienced a mix of ups and downs today, showcasing volatility but ultimately trending bullish as semiconductors like INTC and MU gained traction. Traders seemed optimistic, especially as QQQ and major stocks started to bounce back. Top Ticker Mentions (Last 8h) | Ticker | Mentions | Context | | TSLA | 8 | Strong upward momentum as traders anticipate future rallies. | | NVDA | 7 | Stock gained as traders noted a bounce near key support levels. | | CRWV | 5 | Heavy buying activity noted throughout the day, hitting new highs. | | MU | 5 | Positive sentiment following strong buying into earnings release tomorrow. | | SMR | 4 | Notable gains today, with bullish outlooks reflecting on recent performance. | Main Topic Conversations • Semiconductors Outlook: The group is bullish on semiconductor stocks, particularly NVDA and MU, with expectations for further gains as market dynamics shift. Quant highlighted the importance of observing INTC's performance as a catalyst for NVDA's future movement. • Day Trading Strategies: Many members are sharing strategies focusing on fewer, higher-quality trades to maximize wins, contrasting with the typical frantic trading styles of less experienced traders. Brick emphasized that disciplined trading often yields better results than overtrading. Upcoming Market Catalysts • Earnings Reports: MU is set to release earnings tomorrow, potentially impacting the entire semiconductor sector. Traders are on alert for any surprises that could move the market significantly."
