ts_iso,date,time,room,caller,symbol,side,strike,expiry_raw,expiry_resolved,occ,their_price,qty,outcome,tier,confidence,flags,how_recovered,corroborating_lines,source_line_number,source_line_text,reason
2026-08-18T09:52:06-04:00,2026-08-18,09:52,,,AMD,CALLS,500,next week,,,12.4,,alert read from chat,F-airead,unrecoverable,,"expiry written as ""next week"" - cannot be resolved without guessing | chat text (log truncates it): AMD | $500 C 12.40 NEXT WEEK",,2454,AI READ  'AMD | $500 C 12.40 NEXT WEEK'  ->  BTO AMD $500C next week @ 12.4,"expiry could not be resolved: expiry written as ""next week"" - cannot be resolved without guessing"
2026-08-18T09:55:53-04:00,2026-08-18,09:55,,,NVDA,CALLS,222.5,,,,1.8,,alert read from chat,F-airead,unrecoverable,,no expiry in the text | chat text (log truncates it): NVDA | $222.5 C 1.80 219.50 BREAK,,2484,AI READ  'NVDA | $222.5 C 1.80 219.50 BREAK'  ->  BTO NVDA $222.5C @ 1.8,expiry could not be resolved: no expiry in the text
2026-08-19T09:46:20-04:00,2026-08-19,09:46,,,TSLA,CALLS,350,NEXT WEEK,,,5.25,,alert read from chat,F-airead,unrecoverable,,"expiry written as ""NEXT WEEK"" - cannot be resolved without guessing | chat text (log truncates it): TSLA | $350 C 5.25 NEXT WEEK",L2955(F-airead),2953,AI READ  'TSLA | $350 C 5.25 NEXT WEEK'  ->  BTO TSLA $350C NEXT WEEK @ 5.25,"expiry could not be resolved: expiry written as ""NEXT WEEK"" - cannot be resolved without guessing"
2026-08-19T10:53:02-04:00,2026-08-19,10:53,,,AMZN,CALLS,260,NEXT WEEK,,,3.03,,PULLBACK armed - no resolution line in the log,C-linked(F-airead),unrecoverable,,"linked to the alert the bot read just before the arm, line 3166 (F-airead) | expiry written as ""NEXT WEEK"" - cannot be resolved without guessing | chat text (log truncates it): AMZN | $260 C 3.03 NEXT WEEK @everyone Spoiler",armL3168;resLNone;,3166,AI READ  'AMZN | $260 C 3.03 NEXT WEEK @everyone Spoiler'  ->  BTO AMZN $260C NEXT WEEK @ 3.03,"expiry could not be resolved: expiry written as ""NEXT WEEK"" - cannot be resolved without guessing"
2026-08-19T11:03:24-04:00,2026-08-19,11:03,,,SPCX,CALLS,143,MAY,,,4.75,,alert read from chat,F-airead,unrecoverable,,"expiry written as ""MAY"" - cannot be resolved without guessing | chat text (log truncates it): SPCX | $143 C 4.75 MAY SWING @everyone Spoiler",,3196,AI READ  'SPCX | $143 C 4.75 MAY SWING @everyone Spoiler'  ->  BTO SPCX $143C MAY @ 4.75,"expiry could not be resolved: expiry written as ""MAY"" - cannot be resolved without guessing"
2026-08-19T11:21:51-04:00,2026-08-19,11:21,,,TSLA,CALLS,352.5,7 days,,,7.36,,alert read from chat,F-airead,unrecoverable,,"expiry written as ""7 days"" - cannot be resolved without guessing | chat text (log truncates it): TSLA | $352.5 C 7.36 NEXT WEK @everyone",,3208,AI READ  'TSLA | $352.5 C 7.36 NEXT WEK @everyone'  ->  BTO TSLA $352.5C 7 days @ 7.36,"expiry could not be resolved: expiry written as ""7 days"" - cannot be resolved without guessing"
2026-08-20T09:41:13-04:00,2026-08-20,09:41,,,TSLA,CALLS,355,next week,,,4.3,,alert read from chat,F-airead,unrecoverable,,"expiry written as ""next week"" - cannot be resolved without guessing | chat text (log truncates it): TSLA | $355 C 4.30 NEXT WEEK",L3431(F-airead),3428,AI READ  'TSLA | $355 C 4.30 NEXT WEEK'  ->  BTO TSLA $355C next week @ 4.3,"expiry could not be resolved: expiry written as ""next week"" - cannot be resolved without guessing"
2026-08-20T09:54:04-04:00,2026-08-20,09:54,,,TSLA,CALLS,355,,,,5.1,,alert read from chat,F-airead,unrecoverable,,no expiry in the text | chat text (log truncates it): TSLA | 355 C 5.10,,3471,AI READ  'TSLA | 355 C 5.10'  ->  BTO TSLA $355C @ 5.1,expiry could not be resolved: no expiry in the text
2026-08-20T13:03:39-04:00,2026-08-20,13:03,,,MRNA,CALLS,135,next week,,,9.05,,alert read from chat,F-airead,unrecoverable,,"expiry written as ""next week"" - cannot be resolved without guessing | chat text (log truncates it): MRNA | $135 C 9.05 NEXT WEEK $130 BREAK @everyone ",,3666,AI READ  'MRNA | $135 C 9.05 NEXT WEEK $130 BREAK @everyone '  ->  BTO MRNA $135C next week @ 9.05,"expiry could not be resolved: expiry written as ""next week"" - cannot be resolved without guessing"
2026-08-20T15:53:02-04:00,2026-08-20,15:53,,,BABA,CALLS,130,tmrw,,,1.3,,alert read from chat,F-airead,unrecoverable,,"expiry written as ""tmrw"" - cannot be resolved without guessing | chat text (log truncates it): @everyone Lotto for tmrw: BABA 130C 1.30 Swinging ",,3707,AI READ  '@everyone Lotto for tmrw: BABA 130C 1.30 Swinging '  ->  BTO BABA $130C tmrw @ 1.3,"expiry could not be resolved: expiry written as ""tmrw"" - cannot be resolved without guessing"
2026-08-21T09:33:53-04:00,2026-08-21,09:33,,,NVDA,CALLS,225,NEXT WEEK,,,4.2,,PULLBACK touched - entry attempted,C-linked(F-airead),unrecoverable,,"linked to the alert the bot read just before the arm, line 3933 (F-airead) | expiry written as ""NEXT WEEK"" - cannot be resolved without guessing | chat text (log truncates it): NVDA | 225 C 4.20 NEXT WEEK",armL3936;resL3938;L3935(F-airead),3933,AI READ  'NVDA | 225 C 4.20 NEXT WEEK'  ->  BTO NVDA $225C NEXT WEEK @ 4.2,"expiry could not be resolved: expiry written as ""NEXT WEEK"" - cannot be resolved without guessing"
2026-08-21T09:36:57-04:00,2026-08-21,09:36,,,AMZN,CALLS,262.5,,,,2.4,,PULLBACK touched - entry attempted,C-linked(F-airead),unrecoverable,,"linked to the alert the bot read just before the arm, line 3947 (F-airead) | no expiry in the text | chat text (log truncates it): AMZN | $262.5 C 2.40 @everyone",armL3949;resL3951;,3947,AI READ  'AMZN | $262.5 C 2.40 @everyone'  ->  BTO AMZN $262.5C @ 2.4,expiry could not be resolved: no expiry in the text
2026-08-21T09:55:09-04:00,2026-08-21,09:55,,,TSLA,CALLS,360,next week,,,4.5,,PULLBACK armed - no resolution line in the log,C-linked(F-airead),unrecoverable,,"contract came from the F-airead line this chain produced at line 3987 | expiry written as ""next week"" - cannot be resolved without guessing | chat text (log truncates it): TSLA | $360 C 4.50 NEXT WEEK",armL3981;resLNone;L3989(F-airead),3987,AI READ  'TSLA | $360 C 4.50 NEXT WEEK'  ->  BTO TSLA $360C next week @ 4.5,"expiry could not be resolved: expiry written as ""next week"" - cannot be resolved without guessing"
2026-08-24T09:37:27-04:00,2026-08-24,09:37,,,SNDK,CALLS,1500,THIS WEEK,,,39,,alert read from chat,F-airead,unrecoverable,,"expiry written as ""THIS WEEK"" - cannot be resolved without guessing | chat text (log truncates it): SNDK | $1500 C 39.00 THIS WEEK $1445.00 BREAK PURE",L4482(F-airead),4480,AI READ  'SNDK | $1500 C 39.00 THIS WEEK $1445.00 BREAK PURE'  ->  BTO SNDK $1500C THIS WEEK @ 39,"expiry could not be resolved: expiry written as ""THIS WEEK"" - cannot be resolved without guessing"
2026-08-24T09:44:51-04:00,2026-08-24,09:44,,,NVDA,CALLS,215,,,,4.4,,alert read from chat,F-airead,unrecoverable,,no expiry in the text | chat text (log truncates it): NVDA | $215 C 4.40 @everyone,,4510,AI READ  'NVDA | $215 C 4.40 @everyone'  ->  BTO NVDA $215C @ 4.4,expiry could not be resolved: no expiry in the text
2026-08-24T11:29:16-04:00,2026-08-24,11:29,,,META,CALLS,,,,,,,PULLBACK never hit - skipped,C-unlinked,unrecoverable,underlying and direction are known; the option contract is NOT,,resL4758,4742,"PULLBACK META CALL: stock at 555.98, waiting for a dip to $555 (600s window)",no alert for META anywhere near this arm - originating call is not in the log
2026-08-24T14:59:41-04:00,2026-08-24,14:59,,,TSLA,CALLS,357.5,,,,3.65,,PULLBACK never hit - skipped,C-linked(F-airead),unrecoverable,,contract came from the F-airead line this chain produced at line 4853 | no expiry in the text | chat text (log truncates it): TSLA | $357.5 C 3.65 @everyone,armL4855;resL4863;,4853,AI READ  'TSLA | $357.5 C 3.65 @everyone'  ->  BTO TSLA $357.5C @ 3.65,expiry could not be resolved: no expiry in the text
2026-08-25T09:36:42-04:00,2026-08-25,09:36,,,NVDA,CALLS,220,,,,3.35,,alert read from chat,F-airead,unrecoverable,,no expiry in the text | chat text (log truncates it): NVDA | $220 C 3.35 ON THE BREAK OF $212.20,,4940,AI READ  'NVDA | $220 C 3.35 ON THE BREAK OF $212.20'  ->  BTO NVDA $220C @ 3.35,expiry could not be resolved: no expiry in the text
2026-08-25T09:37:31-04:00,2026-08-25,09:37,RWGates,TradeLikeGates,META,CALLS,570,26/8,,,5.15,1,PULLBACK touched - entry attempted,C-linked(A),unrecoverable,,contract came from a A line inside the pullback chain (line 4956) | invalid M/D,armL4952;resL4954;L4950(F-airead),4956,REFUSED  OPEN META (TradeLikeGates's call) 570C 26/8 x1 @ 5.15  ->  26/8 isn't a real date. Nothing was sent.,expiry could not be resolved: invalid M/D
2026-08-25T09:51:06-04:00,2026-08-25,09:51,,,MSFT,PUTS,,,,,,,PULLBACK never hit - skipped,C-unlinked,unrecoverable,underlying and direction are known; the option contract is NOT,,resL5029,4988,"PULLBACK MSFT PUT: stock at 488.18, waiting for a bounce to $489 (600s window)",no alert for MSFT anywhere near this arm - originating call is not in the log
2026-08-25T09:52:04-04:00,2026-08-25,09:52,,,COIN,CALLS,182.5,,,,3.23,,alert read from chat,F-airead,unrecoverable,,no expiry in the text | chat text (log truncates it): COIN | $182.5 C 3.23 @everyone,,4998,AI READ  'COIN | $182.5 C 3.23 @everyone'  ->  BTO COIN $182.5C @ 3.23,expiry could not be resolved: no expiry in the text
2026-08-25T10:53:38-04:00,2026-08-25,10:53,,,SPY,CALLS,,,,,,,PULLBACK never hit - skipped,C-unlinked,unrecoverable,underlying and direction are known; the option contract is NOT,,resL5087,5076,"PULLBACK SPY CALL: stock at 764.77, waiting for a dip to $764 (600s window)","only PUTS alert found near this CALL arm (line 5052) - direction does not match, so NOT linked"
2026-08-25T11:04:59-04:00,2026-08-25,11:04,,,MSFT,CALLS,,,,,,,PULLBACK never hit - skipped,C-unlinked,unrecoverable,underlying and direction are known; the option contract is NOT,,resL5094,5088,"PULLBACK MSFT CALL: stock at 488.71, waiting for a dip to $488 (600s window)",no alert for MSFT anywhere near this arm - originating call is not in the log
2026-08-25T13:32:58-04:00,2026-08-25,13:32,,,NVDA,CALLS,,,,,,,PULLBACK never hit - skipped,C-unlinked,unrecoverable,underlying and direction are known; the option contract is NOT,,resL5179,5165,"PULLBACK NVDA CALL: stock at 212.31, waiting for a dip to $212 (600s window)",no alert for NVDA anywhere near this arm - originating call is not in the log
2026-08-26T09:46:39-04:00,2026-08-26,09:46,,,TSLA,PUTS,340,next week,,,4.9,,alert read from chat,F-airead,unrecoverable,,"expiry written as ""next week"" - cannot be resolved without guessing | chat text (log truncates it): TSLA | $340 P NEXT WEEK 4.90",,5489,AI READ  'TSLA | $340 P NEXT WEEK 4.90'  ->  BTO TSLA $340P next week @ 4.9,"expiry could not be resolved: expiry written as ""next week"" - cannot be resolved without guessing"
2026-08-26T09:50:32-04:00,2026-08-26,09:50,ZT top-flow,bullwinkle0001,TSLA,PUTS,342.5,,,,,1,"REFUSED - they didn't say which expiry, so there's no way to know which contract",A,unrecoverable,,no expiry in the text,,5517,"REFUSED  CLOSE TSLA (bullwinkle0001's call) 342.5P x1  ->  they didn't say which expiry, so there's no way to know which contract they meant. Nothing was sent.",expiry could not be resolved: no expiry in the text
2026-08-31T13:48:11-04:00,2026-08-31,13:48,,,AMD,CALLS,480,friday,,,5.4,,alert read from chat,F-airead,unrecoverable,,"expiry written as ""friday"" - cannot be resolved without guessing | chat text (log truncates it): In AMD 480 calls friday expiration avg 5.4 @here",,5935,AI READ  'In AMD 480 calls friday expiration avg 5.4 @here'  ->  BTO AMD $480C friday @ 5.4,"expiry could not be resolved: expiry written as ""friday"" - cannot be resolved without guessing"
2026-09-01T09:31:36-04:00,2026-09-01,09:31,,,SPY,CALLS,,,,,,,PULLBACK never hit - skipped,C-unlinked,unrecoverable,underlying and direction are known; the option contract is NOT,,resL6027,6011,"PULLBACK SPY CALL: stock at 761.67, waiting for a dip to $761 (600s window)","only PUTS alert found near this CALL arm (line 6023) - direction does not match, so NOT linked"
2026-09-01T10:10:11-04:00,2026-09-01,10:10,,,SPY,CALLS,762,,,,761.9,,PULLBACK never hit - skipped,C-linked(F-airead),unrecoverable,,contract came from a F-airead line inside the pullback chain (line 6057) | no expiry in the text | chat text (log truncates it): I’m taking SPY 762c @everyone using 761.90 as my a,armL6055;resL6068;,6057,AI READ  'I’m taking SPY 762c @everyone using 761.90 as my a'  ->  BTO SPY $762C @ 761.9,expiry could not be resolved: no expiry in the text
2026-09-02T11:06:47-04:00,2026-09-02,11:06,,,NVDA,CALLS,,,,,,,PULLBACK never hit - skipped,C-unlinked,unrecoverable,underlying and direction are known; the option contract is NOT,,resL6530,6521,"PULLBACK NVDA CALL: stock at 225.24, waiting for a dip to $225 (600s window)",no alert for NVDA anywhere near this arm - originating call is not in the log
2026-09-02T14:43:44-04:00,2026-09-02,14:43,,,AAPL,CALLS,230,,,,3.9,,alert read from chat,F-airead,unrecoverable,,no expiry in the text | chat text (log truncates it): redo on this now better entry :green_alert: AAPL |,L6789(F-airead),6788,AI READ  'redo on this now better entry :green_alert: AAPL |'  ->  BTO AAPL $230C @ 3.9,expiry could not be resolved: no expiry in the text
2026-09-03T12:19:17-04:00,2026-09-03,12:19,,,SPY,CALLS,773,,,,,,PULLBACK never hit - skipped,C-linked(F-airead),unrecoverable,,contract came from the F-airead line this chain produced at line 7279 | no expiry in the text | chat text (log truncates it): 228 (former intraday support) clears @here on nvda,armL7281;resL7283;L7279(F-airead),7278,AI READ  '228 (former intraday support) clears @here on nvda'  ->  BTO SPY $773C,expiry could not be resolved: no expiry in the text
2026-09-04T09:41:03-04:00,2026-09-04,09:41,,,TSLA,PUTS,355,,,,1.44,,alert read from chat,F-airead,unrecoverable,,no expiry in the text | chat text (log truncates it): @Owner Alerts Entry Contract: TSLA $355p Price: $1,,7699,AI READ  '@Owner Alerts Entry Contract: TSLA $355p Price: $1'  ->  BTO TSLA $355P @ 1.44,expiry could not be resolved: no expiry in the text
2026-09-08T09:53:14-04:00,2026-09-08,09:53,,,QQQ,PUTS,717,,,,1.78,,alert read from chat,F-airead,unrecoverable,,no expiry in the text | chat text (log truncates it): @Owner Alerts Entry Contract: QQQ $717p Price: $1.,L8484(F-airead),8446,AI READ  '@Owner Alerts Entry Contract: QQQ $717p Price: $1.'  ->  BTO QQQ $717P @ 1.78,expiry could not be resolved: no expiry in the text
2026-09-08T10:06:54-04:00,2026-09-08,10:06,,,TSLA,CALLS,372.5,,,,1.5,,alert read from chat,F-airead,unrecoverable,,no expiry in the text | chat text (log truncates it): @Owner Alerts Entry Contract: TSLA $372.5c Price: ,,8518,AI READ  '@Owner Alerts Entry Contract: TSLA $372.5c Price: '  ->  BTO TSLA $372.5C @ 1.5,expiry could not be resolved: no expiry in the text
2026-09-08T11:32:21-04:00,2026-09-08,11:32,,,SPY,PUTS,,,,,,,PULLBACK never hit - skipped,C-unlinked,unrecoverable,underlying and direction are known; the option contract is NOT,,resL8706,8700,"PULLBACK SPY PUT: stock at 767.82, waiting for a bounce to $768 (600s window)",no alert for SPY anywhere near this arm - originating call is not in the log
2026-09-09T11:08:36-04:00,2026-09-09,11:08,,,TSLA,PUTS,367.5,,,,1.27,,PULLBACK armed - no resolution line in the log,C-linked(F-airead),unrecoverable,,contract came from the F-airead line this chain produced at line 9100 | no expiry in the text | chat text (log truncates it): @Owner Alerts Entry Contract: TSLA $367.5p Price: ,armL9102;resLNone;,9100,AI READ  '@Owner Alerts Entry Contract: TSLA $367.5p Price: '  ->  BTO TSLA $367.5P @ 1.27,expiry could not be resolved: no expiry in the text
2026-09-09T11:57:56-04:00,2026-09-09,11:57,,,AAPL,PUTS,,,,,,,PULLBACK never hit - skipped,C-unlinked,unrecoverable,underlying and direction are known; the option contract is NOT,,resL9136,9134,"PULLBACK AAPL PUT: stock at 313.15, waiting for a bounce to $314 (600s window)",no alert for AAPL anywhere near this arm - originating call is not in the log
2026-09-09T14:43:46-04:00,2026-09-09,14:43,,,AAPL,CALLS,,,,,,,PULLBACK never hit - skipped,C-unlinked,unrecoverable,underlying and direction are known; the option contract is NOT,,resL9164,9160,"PULLBACK AAPL CALL: stock at 313.57, waiting for a dip to $313 (600s window)",no alert for AAPL anywhere near this arm - originating call is not in the log
2026-09-10T09:44:29-04:00,2026-09-10,09:44,,,TSLA,CALLS,375,,,,1.46,,PULLBACK never hit - skipped,C-linked(F-airead),unrecoverable,,contract came from a F-airead line inside the pullback chain (line 9383) | no expiry in the text | chat text (log truncates it): Entry Contract: TSLA $375 Price: $1.46 @Options Sc,armL9381;resL9421;L9383(F-airead);L9414(F-airead),9378,AI READ  'Entry Contract: TSLA $375 Price: $1.46 @Options Sc'  ->  BTO TSLA $375C @ 1.46,expiry could not be resolved: no expiry in the text
2026-09-10T09:44:30-04:00,2026-09-10,09:44,,,TSLA,CALLS,372.5,,,,2.04,,alert read from chat,F-airead,unrecoverable,,no expiry in the text | chat text (log truncates it): @Owner Alerts Entry Contract: TSLA $372.5c Price: ,,9379,AI READ  '@Owner Alerts Entry Contract: TSLA $372.5c Price: '  ->  BTO TSLA $372.5C @ 2.04,expiry could not be resolved: no expiry in the text
2026-09-10T10:02:47-04:00,2026-09-10,10:02,,,SPY,PUTS,758,,,,1.56,,PULLBACK never hit - skipped,C-linked(F-airead),unrecoverable,,contract came from the F-airead line this chain produced at line 9439 | no expiry in the text | chat text (log truncates it): Took starters on 758p @here SPY 1.56,armL9441;resL9481;L9439(F-airead),9438,AI READ  'Took starters on 758p @here SPY 1.56'  ->  BTO SPY $758P @ 1.56,expiry could not be resolved: no expiry in the text
2026-09-10T10:29:31-04:00,2026-09-10,10:29,,,SPY,PUTS,757,,,,2.3,,alert read from chat,F-airead,unrecoverable,,no expiry in the text | chat text (log truncates it): Entered SPY 757P Avg 2.3,,9534,AI READ  'Entered SPY 757P Avg 2.3'  ->  BTO SPY $757P @ 2.3,expiry could not be resolved: no expiry in the text
2026-09-10T11:30:01-04:00,2026-09-10,11:30,,,AAPL,CALLS,,,,,,,PULLBACK never hit - skipped,C-unlinked,unrecoverable,underlying and direction are known; the option contract is NOT,,resL9586,9582,"PULLBACK AAPL CALL: stock at 323.62, waiting for a dip to $323 (600s window)",no alert for AAPL anywhere near this arm - originating call is not in the log
